Keyword,Avg. monthly searches
دارایکم,5000
پالایشی یکم,5000
صندوق سرمایه گذاری,500
صندوق درآمد ثابت,500
etf صندوق,500
صندوق پیشتاز مفید,500
صندوق های سرمایه گذاری,500
پالایش یکم بورس,500
پالایشی یکم بورس,500
صندوق طلای لوتوس,500
etf چیست,500
صندوق ارزش آفرینان دی,500
صندوق اندوخته پایدار سپهر,500
صندوق امین آشنا,500
صندوق اوج ملت,500
صندوق بانک گردشگری,500
صندوق پالایشی یکم,500
سهام پالایش یکم,500
پالایش یکم امروز,500
سهام پالایشی یکم,500
قیمت سهام پالایش یکم,500
صندوق پالایش یکم,500
سرمایه گذاری در صندوق,50
صندوق سهامی,50
صندوق مختلط,50
صندوق شاخصی,50
صندوق بورس,50
صندوق اندیشه فردا,50
دارا یکم بورس,50
صندوق سرمایه گذاری مفید,50
صندوق سرمایه گذاری بانک گردشگری,50
صندوق سرمایه گذاری بانک ایران زمین,50
صندوق بازنشستگی کشوری etf,50
صندوق دوم اکسیر فارابی,50
صندوق سرمایه گذاری بانک ملی,50
صندوق سرمایه گذاری مشترک بانک مسکن,50
بهترین صندوق سرمایه گذاری,50
صندوق یکم اکسیر فارابی,50
10 صندوق سرمایه گذاری برتر,50
مقایسه صندوق های سرمایه گذاری,50
صندوق بهگزین,50
صندوق سرمایه گذاری پیشرو,50
صندوق سرمایه گذاری امین آشنا,50
صندوق اکسیر یکم فارابی,50
بورس پالایش یکم,50
صندوق سرمایه گذاری لوتوس پارسیان,50
نحوه کار با ibshop,50
صندوق سرمایه گذاری عقیق,50
صندوق پیشرو کارگزاری مفید,50
بهترین صندوق سرمایه گذاری با درآمد ثابت,50
صندوق های درآمد ثابت,50
بورس دارا یکم,50
دارا یکم tsetmc,50
صندوق با درآمد ثابت,50
صندوق سرمایه گذاری مشترک آگاه,50
صندوق سرمایه گذاری بانک صادرات,50
صندوق اکسیر دوم فارابی,50
صندوق پیشتاز کارگزاری مفید,50
صندوق سرمایه گذاری اعتماد کارگزاری بانک ملی ایران,50
صندوق سرمایهگذاری بانک توسعه تعاون,50
صندوق سرمایه گذاری امید توسعه,50
صندوق آگاس,50
صندوق سرمایه گذاری مشترک کارآفرین,50
صندوق سرمایه گذاری سپهر اول بانک صادرات,50
صندوق سرمایه گذاری پیشتاز,50
صندوق سرمایه گذاری توسعه تعاون,50
fipiran مقایسه صندوق ها,50
صندوق مشترک کاریزما,50
صندوقهای سرمایه گذاری,50
بهترین صندوق سرمایه گذاری بانک,50
صندوق های سرمایه گذاری مفید,50
صندوق سرمایه گذاری اوج ملت,50
بهترین صندوق های سرمایه گذاری,50
صندوق طلا,50
صندوق سرمایه گذاری تجربه ایرانیان,50
صندوق سرمایه گذاری گنجینه رفاه,50
صندوق سرمایه گذاری نگین رفاه,50
انواع صندوق های سرمایه گذاری,50
صندوق سرمایه گذاری بانک مسکن,50
بهترین صندوق درآمد ثابت,50
صندوق ممتاز,50
صندوق سرمایه گذاری امین آشنا ایرانیان,50
صندوق سرمایهگذاری اعتماد بانک ملی,50
معایب صندوق های سرمایه گذاری,50
صندوق سرمایه گذاری سهم آشنا,50
بهترین صندوق سرمایه گذاری سال 99,50
صندوق سرمایه گذاری لوتوس پارسیان سهامدار,50
صندوق سرمایه گذاری سپهر اول,50
صندوق سرمایه گذاری با درآمد ثابت,50
صندوق درآمد ثابت چیست,50
صندوق سرمایه گذاری مشترک,50
صندوق سرمایه گذاری کاردان,50
صندوق های سرمایه گذاری با درآمد ثابت,50
صندوق سرمایه گذاری ارزش کاوان آینده,50
لیست صندوق های سرمایه گذاری,50
صندوق ارزش سرمایه بانک دی,50
بهترین صندوق های سرمایه گذاری با درآمد ثابت در بورس,50
صندوق سرمایه گذاری بانک دی,50
فیپیران صندوق,50
صندوق سرمایه گذاری توسعه تعاون صبا,50
صندوق سرمایه گذاری حکمت آشنا,50
صندوق سرمایه گذاری بانک ملت,50
صندوق پارند,50
بازدهی صندوق های سرمایه گذاری,50
رتبه بندی صندوق های سرمایه گذاری,50
بازده صندوق پیشتاز,50
صندوق سرمایه گذاری کاریزما,50
مقایسه صندوق های سرمایه گذاری با درآمد ثابت,50
صندوق کارگزاری آگاه,50
صندوق سرمایه گذاری کوثر یکم,50
صندوق سرمایه گذاری مشترک پیشرو,50
صندوق سرمایه گذاری اندیشه فردا,50
صندوق سرمایه گذاری رشد سامان,50
صندوق شاخصی کارآفرین,50
صندوق سرمایه گذاری سبحان,50
کلاهبرداری صندوق های سرمایه گذاری,50
صندوق سرمایه گذاری گردشگری,50
صندوق سرمایه گذاری ثروت آفرین تمدن,50
صندوق سرمایه گذاری حافظ,50
صندوق سرمایه گذاری با درآمد ثابت کاردان,50
صندوق سرمایه گذاری پیشرو کارگزاری مفید,50
صندوق سرمایه گذاری بانک تجارت,50
صندوق سرمایه گذاری چیست,50
در کدام صندوق سرمایه گذاری کنیم,50
صندوق سرمایه گذاری سپهر,50
صندوق سرمایه گذاری مبین سرمایه,50
صندوق سرمایهگذاری همای آگاه,50
صندوق سرمایه گذاری بانک اقتصاد نوین,50
صندوق سرمایه گذاری سرو,50
صندوق سرمایه گذاری پارسیان,50
صندوق سرمایه گذاری مشترک امید توسعه,50
صندوق درآمد ثابت بانک آینده,50
صندوق اول اکسیر فارابی,50
صندوق درآمد ثابت کاریزما,50
سهام etf بازنشستگان,50
بهترین صندوق با درآمد ثابت,50
صندوق با درآمد ثابت چیست,50
صندوق سرمایه گذاری آتیه نوین,50
بهترین صندوق سرمایه گذاری etf,50
صندوق etf چیست,50
لیست صندوق های سرمایه گذاری قابل معامله در بورس,50
نحوه سرمایه گذاری در صندوق امین آشنا,50
صندوق سرمایه گذاری بانک شهر,50
صندوق سرمایه گذاری همیان سپهر,50
صندوق سرمایه گذاری آرمان کارآفرین,50
صندوق ممتاز کارگزاری مفید,50
صندوق سرمایه گذاری حامی,50
صندوق درآمد ثابت امین یکم,50
صندوق سرمایه گذاری اگاه,50
صندوق سرمایه گذاری مشترک مبین سرمایه,50
صندوق سرمایه گذاری سهام بزرگ کاردان,50
صندوق سرمایه گذاری ارزش آفرینان دی,50
صندوق سرمایه گذاری ثروت آفرین فیروزه,50
صندوق سرمایه گذاری امید توسعه کارگزاری مفید,50
صندوق سرمایه گذاری بهگزین,50
سایت فیپیران,50
صندوق سرمایه گذاری پیشرو مفید,50
صندوق درآمد ثابت مفید,50
صندوق سرمایه گذاری میعاد ایرانیان,50
صندوق سرمایه گذاری سپهر اول کارگزاری بانک صادرات,50
صندوق سرمایه گذاری مشترک پیشتاز,50
صندوق سرمایه گذاری درآمد ثابت,50
ورود به صندوق سرمایه گذاری مشترک کارآفرین,50
صندوق طلای مفید,50
صندوق سرمایه گذاری کاردان بانک تجارت,50
پیگیری سهام etf,50
صندوق اکسیر فارابی,50
صندوق سرمایه گذاری بانک پاسارگاد,50
صندوقهای سرمایه گذاری مفید,50
صندوق سرمایه گذاری کارگزاری پارسیان,50
صندوقهای درآمد ثابت,50
سبدگردان کوروش,50
صندوق سرمایه گذاری پیشتاز مفید,50
صندوق سرمایه گذاری آتیه ملت,50
ورود به صندوق سرمایه گذاری,50
صندوق درآمد ثابت کمند,50
صندوق سرمایه گذاری طلا,50
کدام صندوق سرمایه گذاری بهتر است,50
پربازده ترین سبدگردان,50
صندوق سرمایه گذاری لوتوس,50
صندوق های درآمد ثابت بورس,50
صندوق اکسیر اول فارابی,50
صندوق اعتماد بورس,50
سرمایه گذاری لوتوس بانک پارسیان,50
صندوق واسطه گری مالی یکم,50
پیگیری سهام etf خریداری شده,50
صندوق سرمایه گذاری توسعه صادرات,50
بورس پالایشی یکم,50
صندوق با درآمد ثابت کاردان,50
کارمزد صندوق های etf,50
صندوق سرمایه گذاری آسمان یکم,50
صندوق سرمایه گذاری اعتماد ملل,50
صندوق دارایکم,50
صندوق سرمایه گذاری بانک سپه,50
بازده صندوق یکم اکسیر فارابی,50
صندوق سرمایه گذاری مشترک عقیق,50
صندوق کاریزما بانک حکمت ایرانیان,50
صندوق سرمایه گذاری اقتصاد نوین,50
صندوق سپهر کاریزما,50
صندوق های سرمایه گذاری چیست,50
صندوق سرمایه گذاری کمند,50
بازدهی صندوق کاردان,50
صندوق تامین سرمایه نوین,50
صندوق سرمایه گذاری بانک پارسیان,50
صندوق با درآمد ثابت کاریزما,50
صندوق مشترک پیشتاز مفید,50
صندوق سرمایه گذاری مشترک پیشتاز مفید,50
بهترین صندوق سرمایه گذاری طلا,50
صندوق سرمایه گذاری الماس کوروش,50
صندوق سرمایه گذاری مشترک تدبیرگران فردا,50
بهترین صندوق های درآمد ثابت,50
صندوق سرمایه گذاری بانک سامان,50
صندوق سرمایه گذاری امین یکم,50
صندوق سرمایه گذاری مشترک بانک خاورمیانه,50
صندوق با درآمد ثابت کمند,50
صندوق سرمایه گذاری فارابی,50
صندوق سرمایه گذاری پاداش سرمایه بهگزین,50
بازارگردان,50
صندوق سرمایه گذاری حکمت آشنا ایرانیان,50
صندوق سرمایه گذاری تدبیرگران فردا,50
صندوق سرمایه گذاری بانک رفاه,50
بهترین صندوق سرمایه گذاری 1400,50
انواع صندوق سرمایه گذاری مفید,50
صندوق درآمد ثابت کاردان,50
صندوق سرمایه گذاری بانک کارآفرین,50
مقایسه صندوقهای سرمایه گذاری,50
پربازده ترین صندوق سرمایه گذاری,50
صندوق سرمایه گذاری یکم اکسیر فارابی,50
صندوق سرمایه گذاری ارز دیجیتال,50
صندوق سرمایه گذاری بورسیران,50
صندوق سهامی سرو,50
صندوق سرمایه گذاری زمرد آگاه,50
صندوق سرمایه گذاری مشترک افق,50
صندوق سرمایه گذاری اعتماد,50
صندوق های سرمایه گذاری بورس,50
بهترین صندوق سرمایه گذاری بورس,50
صندوق های etf,50
صندوق سرو بورس,50
بهترین صندوق های etf,50
صندوق سرمایه گذاری تجربه ایرانیان بانک آینده,50
صندوق سرمایه گذاری ایساتیس پویا,50
صندوق سرمایه گذاری مشترک یکم آبان,50
صندوق سرمایه گذاری اعتبار سهام ایرانیان,50
صندوق سرمایه گذاری بانک خاورمیانه,50
صندوق سرمایه گذاری مشترک سبحان,50
بازده صندوق تجربه ایرانیان,50
ارزش سهام etf امروز,50
مقایسه صندوق های درآمد ثابت,50
صندوق سرمایه گذاری یکم آبان,50
صندوق سرمایه گذاری مشترک کاریزما,50
صندوق درآمد ثابت آگاه,50
صندوق سرمایه گذاری ثابت,50
صندوق سرمایه گذاری گنجینه امید ایرانیان,50
صندوق درآمد ثابت همای آگاه,50
بازارگردانی,50
پذیره نویسی صندوق درامد ثابت مانی,50
صندوق درآمد ثابت کوثر یکم,50
صندوقهای سرمایه گذاری با درآمد ثابت,50
صندوق درآمد ثابت امين يكم فردا,50
صندوق سرمایه گذاری مشترک حافظ,50
صندوق های بورسی,50
صندوق عقیق سرمایه گذاری آگاه,50
ارزش سهام etf امروز چقدر است,50
صندوق اوج ملت در بورس,50
صندوق سرمایه گذاری مشترک بانک کارآفرین,50
دارا دوم بورس,50
صندوق های سهامی,50
بازده صندوق حامی,50
صندوق های سرمایه گذاری آگاه,50
ارزش سهام etf در بورس امروز,50
صندوق سرمایه گذاری نوین,50
10 صندوق سرمایه گذاری برتر ۱۴۰۰,50
پرتفوی سرمایه گذاری صندوق بازنشستگی کشور,50
صندوق سرمایه گذاری بورس,50
صندوقهای با درآمد ثابت,50
صندوق سرمایه گذاری نوید انصار,50
صندوق سرمایه گذاری لوتوس بانک پارسیان,50
معایب صندوق سرمایه گذاری طلا,50
صندوق سرمایه گذاری صبای هدف,50
صندوق ثابت کاریزما,50
صندوق های طلا در بورس,50
تحلیل صندوق پالایش یکم,50
صندوق سرمایه گذاری امید,50
صندوق تثبیت بازار سرمایه,50
صندوق درآمد ثابت مانی,50
سایت صندوق پیشتاز مفید,50
پالایشی یکم در بورس,50
صندوق سرمایه گذاری بانک کشاورزی,50
صندوق سرمایه گذاری حامی مفید,50
صندوق سرمایه گذاری هدف,50
صندوق سرمایه گذاری یکم سامان,50
صندوق های قابل معامله در بورس,50
صندوق آسمان آرمانی سهام,50
صندوق سرمایه گذاری کارآفرین,50
بهترین صندوق سرمایه گذاری در سهام,50
بازدهی صندوق گنجینه زرین,50
صندوق سرمایه گذاری مشترک بانک ملی,50
صندوق سرمایه گذاری ارزش آفرین گلرنگ,50
قیمت سهام دولتی etf امروز,50
صندوق سرمایه گذاری آوای فردای زاگرس,50
etf مخفف چیست,50
استعلام سهام etf,50
نحوه سرمایه گذاری در صندوق یکم فارابی,50
صندوق سرمایه گذاری سپهر اول صادرات,50
مزایای صندوق های سرمایه گذاری,50
سبدگردان زاگرس,50
بهترین صندوق سرمایه گذاری با درآمد ثابت سال ۹۹,50
ورشکستگی صندوق سرمایه گذاری,50
صندوق درآمد ثابت اعتماد,50
صندوق سرمایه گذاری دی,50
صندوق مختلط کاریزما,50
صندوق درآمد ثابت تصمیم,50
سرمایه گذاری اعتماد بانک ملی,50
fipiran صندوق,50
صندوق سرمایه گذاری سحرخیز,50
صندوق سرمایه گذاری دوم اکسیر فارابی,50
بازدهی صندوق کاریزما,50
صندوق سرمایه گذاری نامی,50
صندوق سرمایه گذاری سپهر صادرات,50
صندوق سرمایه گذاری امین ملت,50
ضامن نقدشوندگی صندوق آتیه نوین,50
صندوق سرمایه گذاری با درآمد ثابت گنجینه امید ایرانیان,50
شعب صندوق سرمايه گذاري امین آشنا ایرانیان,50
فیپیران صندوق سهامی,50
صندوق سرمایه گذاری بانک اینده,50
صندوق بورس بانک گردشگری,50
صندوق کاردان با درآمد ثابت,50
سرمایه گذاری در صندوق های سرمایه گذاری,50
صندوق سرمایه گذاری ممتاز,50
معامله دارا یکم,50
صندوق سرمایه,50
صندوق سرمایه گذاری مشترک امید توسعه کارگزاری مفید,50
صندوق سرمایه گذاری مشترک اندیشه فردا,50
صندوق سرمايه گذاري مشترک بانک مسکن,50
صندوق سرمایه گذاری فراز اندیش نوین,50
سبدگردان مانی,50
صندوق سرمایه گذاری کوثر,50
صندوق سرمایه گذاری مشترک نوید انصار,50
فیپیران صندوق درآمد ثابت,50
صندوق اکسیر یکم,50
صندوق سرمایه گذاری ممتاز مفید,50
ساعت معامله صندوق طلای لوتوس,50
صندوق سرمایه گذاری نگین بانک رفاه,50
صندوق کاریزما چیست,50
etf بیت کوین,50
نظرات مردم درباره صندوق سرمایه گذاری امین آشنا ایرانیان,50
صندوق سرمایه گذاری اطلس,50
صندوق سرمایه گذاری صنعت و معدن,50
صندوق سرمایه گذاری مشترک پیشتاز کارگزاری مفید,50
صندوق سرمایه گذاری باران کارگزاری بانک کشاورزی,50
صندوق سرمایه گذاری باران کشاورزی,50
صندوق سرمایه گذاری ثابت نامی مفید,50
سرمایه گذاری لوتوس پارسیان,50
صندوق سرمایه گذاری اوج بانک ملت,50
صندوق سرمایه گذاری صبا توسعه تعاون,50
لیست صندوق های etf,50
قیمت روز etf دارا یکم,50
صندوق سرمایه گذاری سپهر تدبیرگران,50
سرمایه گذاری اوج ملت,50
صندوق سرمایه گذاری عقیق آگاه,50
صندوق کاریزما ثابت,50
صندوق سرمایه گذاری اکسیر دوم فارابی,50
کاریس صندوق,50
صندوق ها,50
صندوق سرمایه گذاری بانک قوامین,50
صندوق سرمایه گذاری یکم ایرانیان,50
صندوق آتیمس,50
صندوق ثابت,50
صندوق مشترک یکم اکسیر فارابی,50
صندوق های درآمد ثابت قابل معامله,50
صندوق تجربه ايرانيان ورود سرمایه گذاران,50
صندوق سرمایه گذاری مشترک خوارزمی,50
صندوق سرمایه گذاری اندوخته ملت,50
صندوق سرمایه گذاری مشترک بانک مسکن چیست,50
صندوق سرمایه گذاری توسعه ممتاز,50
صندوق سرمایه گذاری کاریزما بانک حکمت ایرانیان,50
صندوق کاردان etf,50
صندوق سرمایه گذاری رفاه,50
صندوق سرمایه گذاری اندوخته توسعه صادرات آرمانی,50
صندوق سرمایه گذاری گنجینه الماس بیمه دی,50
بازده صندوق ممتاز,50
صندوق سرمایه گذاری اعتماد کارگزاری بانک ملی,50
صندوق سرمایه گذاری خصوصی,50
پیگیری سهام etf خریداری شده بانک ملی,50
صندوق سرمایه گذاری مشترک مسکن,50
صندوق سرمایه گذاری آگاه با درآمد ثابت,50
صندوق سرمایه بهگزین,50
صندوق سرمایه گذاری صبا تامین,50
صندوق سرمایه گذاری سامان,50
صندوق فیروزا,50
سامانه ثبت نام etf مدیریت ثروت صندوق بازنشستگی کشوری,50
صندوق سرمایه گذاری باران بانک کشاورزی,50
صندوق درآمد ثابت افرا,50
سایت صندوق های سرمایه گذاری,50
صندوق سرمایه گذاری توسعه فراز اعتماد,50
صندوق سرمایه گذاری دارا یکم,50
صندوق سرمایه گذاری سپهر بانک صادرات,50
صندوق سرمایه گذاری مشترک کارگزاری حافظ,50
صندوق سرمایه گذاری مختلط,50
صندوق سرمایه گذاری مسکن,50
لیست صندوقهای سرمایه گذاری,50
صندوق با درآمد ثابت کوثر یکم,50
صندوق سرمایه گذاری گروه زعفران سحرخیز,50
کارمزد صندوق های سرمایه گذاری,50
صندوق مشترک سرمایه گذاری بانک مسکن,50
صندوق سرمایه گذاری افق,50
صندوق ثابت بورس,50
صندوق سرمایه گذاری زرین پارسیان,50
صندوق سرمایه گذاری مشترک ارزش کاوان آینده,50
صندوق سرمایه گذاری آگاس,50
لیست صندوق های سرمایه گذاری با درآمد ثابت,50
صندوق سرمایه گذاری فیروزه موفقیت,50
بهترین صندوق سهامی,50
قیمت سهام سرمایه گذاری صندوق بازنشستگی کارکنان بانکها,50
انواع صندوق سرمایه گذاری,50
درآمد ثابت کاردان,50
صندوق سرمایه گذاری طلای لوتوس,50
صندوق سرمایه گذاری پیشتاز کارگزاری مفید,50
پذیره نویسی صندوق درآمد ثابت مانی,50
بهترین صندوق سرمایه گذاری سال 1400,50
صندوق سرمایه گذاری ثابت حامی,50
سهام etf,50
بهترین صندوق سرمایه گذاری قابل معامله در بورس,50
صندوق کاریزما بانک حکمت,50
صندوق سرمایه گذاری تصمیم,50
لیست صندوق های درآمد ثابت,50
کارمزد معاملات صندوق های etf,50
صندوق سرمایه گذاری امین,50
صندوق درآمد ثابت امین آشنا,50
صندوق سرمایه گذاری یاقوت آگاه,50
مقایسه صندوق های سهامی,50
با درآمد ثابت کوثر یکم,50
عقیق صندوق سرمایه گذاری,50
صندوق سرمایه گذاری اکسیر فارابی,50
نحوه خرید صندوق درآمد ثابت,50
صندوق سرمایه گذاری پارند,50
صندوق طلای لوتوس چیست,50
صندوق قابل معامله کاردان,50
صندوق سرمایه گذاری اندیشه فردا بانک پاسارگاد,50
قیمت صندوق سرمایه گذاری آگاه,50
پیگیری سهام دولتی etf,50
سبدگردان سینا,50
صندوق های درآمد ثابت چیست,50
صندوق سهامی ثروت افرین تمدن,50
درآمد ثابت کاریزما,50
صندوق سرمایه گذاری شاهد,50
صندوق سرمایه گذاری مشترک پیشرو مفید,50
صندوق سرمایه گذاری ثابت کاردان,50
صندوق سرمایه گذاری جسورانه,50
صندوق های سرمایه گذاری آنلاین,50
بهترین صندوق سرمایه گذاری مختلط,50
درآمد ثابت کوثر یکم,50
صندوق سهام,50
صندوق سرمایه گذاری پالایشی یکم,50
مشاهده سهام etf خریداری شده,50
صندوق سرمایه گذاری درآمد ثابت گسترش فردای ایرانیان,50
درآمد ثابت,50
صندوق سرمايه گذاري حكمت آشنا ايرانيان,50
صندوق سرمایه گذاری تمدن,50
صندوق سرمایه گذاری فراز داریک,50
صندوق سرمایه گذاری ارمغان ایرانیان,50
بهترین صندوق سرمایه گذاری با درآمد ثابت سال 1400,50
سرمایه گذاری سامان یکم,50
سرمایه گذاری پالایشی یکم,50
صندوق درآمد ثابت یاقوت آگاه,50
صندوق سرمایه گذاری مشترک کارگزاری کارآفرین,50
صندوق سرمایه گذاری بانک حکمت ایرانیان,50
صندوق سرمایه گذاری پست بانک,50
صندوق سرمایه گذاری کدام بانک بهتر است,50
صندوق کمند بورس,50
صندوق etf سرو,50
صندوق سرمایه گذاری اعتماد آفرین پارسیان,50
فروش سهام etf,50
صندوق جسورانه چیست,50
نحوه سرمایه گذاری در صندوق های سرمایه گذاری,50
صندوق سرمایه گذاری سرآمد بانک گردشگری,50
صندوق سرمایهگذاری کوثر یکم موسسه اعتباری کوثر,50
صندوق سرمایه گذاری فیروزه,50
صندوق با درآمد ثابت تصمیم,50
سبدگردان آمیتیس,50
صندوق سرمایه گذاری مشترک صنعت و معدن,50
صندوق سرمایه گذاری بانک,50
بهترین صندوقهای سرمایه گذاری,50
صندوق سهامی پیشتاز,50
همیان سپهر صندوق سرمایه گذاری,50
صندوق های سرمایه گذاری مشترک,50
عملکرد صندوق های سرمایه گذاری,50
صندوق سرمایه گذاری مبین,50
پیگیری etf خریداری شده,50
صندوق ای تی اف,50
صندوق سرمایه گذاری نگین سامان,50
کاریزما صندوق درآمد ثابت,50
صندوق سرمایه گذاری آوا,50
صندوق سرمایهگذاری اعتماد بانک ملی ایران,50
کارمزد صندوق درآمد ثابت,50
قیمت امروز صندوق سرمایه گذاری آگاه,50
صندوق سرمایه گذاری صادرات,50
سایت صندوق واسطه گری مالی یکم,50
مقایسه صندوق سرمایه گذاری,50
صندوق درآمد ثابت بورس,50
پذیره نویسی صندوق سرمایه گذاری,50
صندوق سرمایه گذاری سرآمد,50
صندوق سرمایه گذاری مشترک کوثر,50
بهترین صندوق های سرمایه گذاری سهامی,50
صندوق سرمایه گذاری ارزش کاوان,50
صندوق سرمایه گذاری بانک صنعت و معدن,50
صندوق طلا در بورس,50
صندوق سرمایه گذاری طلای سرخ نوویرا,50
صندوق های سرمایه گذاری در سهام,50
صندوق سرمایه گذاری نگین,50
صندوق سرمایه گذاری توسعه پست بانک,50
صندوق های سرمایه گذاری بانک اقتصاد نوین,50
بازدهی صندوق سپهر کاریزما,50
صندوق سرمایه گذاری گنجینه زرین بانک شهر,50
صندوق سرمایه گذاری گنجینه الماس پایدار,50
صندوق سرمایه گذاری ایرانیان,50
بهترین صندوق سرمایه گذاری درآمد ثابت,50
صندوق سرمایه گذاری با درآمد ثابت کمند,50
صندوق سرمایه گذاری مشترک دوم فارابی,50
بازدهی صندوق فارابی,50
ارزش سهام شرکت سرمایه گذاری صندوق بازنشستگی کارکنان بانکها,50
صندوق آتیه نوین ورود سرمایه گذاران,50
صندوق سرمایه گذاری با درآمد ثابت کاریزما,50
صندوق سرمایه گذاری ملل,50
شرکت سرمایه گذاری و خدمات مدیریت صندوق بازنشستگی کشوری,50
صندوق کمند کاریزما,50
ارزش سهام etf,50
صندوق سرمایه گذاری امین بانک ملت,50
صندوق سرمایه گذاری پیشگامان سرمایه نوآفرین,50
فیپیران صندوق ها,50
صندوق سرمایه گذاری کامیاب آشنا,50
انواع صندوق های سرمایه گذاری در بورس,50
صندوق درآمد ثابت اندیشه فردا,50
صندوق سرمایهگذاری بانک توسعه تعاون صبا,50
صندوق سرمایه گذاری ملی ایران,50
صندوق های بادرآمد ثابت,50
ارز etf چیست,50
بهترین صندوق های سرمایه گذاری با درآمد ثابت,50
صندوق سرمایه گذاری اکسیر یکم فارابی,50
صندوق سرمایه گذاری امید انصار,50
نحوه سرمایه گذاری در صندوق امید توسعه,50
صندوقهای قابل معامله در بورس,50
صندوق های درامد ثابت در بورس,50
صندوق سرمایه گذاری اکسیر سودا,50
صندوق درامد ثابت کمند,50
اطلاعات صندوق های سرمایه گذاری,50
صندوق بورس چیست,50
صندوق سرمایه گذاری زرین کوروش,50
صندوق سرمایه گذاری سهامی,50
سبدگردان هامرز,50
صندوق درآمد ثابت آکورد,50
صندوق با درآمد ثابت مفید,50
معایب صندوق های etf,50
صندوق سرمایه گذاری ایساتیس,50
پربازده ترین صندوق سرمایه گذاری 99,50
بهترین سبدگردان سال ۹۸,50
آگاس بخرم,50
صندوق سرمایه گذاری پارند پایدار سپهر,50
صندوق سرمایه گذاری ارزش آفرین بیدار,50
صندوق سرمایه گذاری اوج ملت بانک ملت,50
صندوق تجربه ایرانیان در بورس,50
صندوق سرمایه گذاری اعتبار آفرین ایرانیان,50
fipiran صندوق های سهامی,50
صندوق قابل معامله,50
پر بازده ترین صندوق سرمایه گذاری,50
خرید صندوق سرمایه گذاری,50
صندوق درآمد ثابت بانک صادرات,50
صندوق سرمایه گذاری مشترک بانک اقتصاد نوین,50
صندوق درآمد ثابت پارند,50
صندوق سرمایه گذاری مشترک توسعه بازار سرمایه,50
صندوق سرمایه گذاری امید توسعه مفید,50
صندوق صنوین,50
صندوق سرو در بورس,50
قیمت سهام etf,50
صندوق سرمایه گذاری سپهر یکم صادرات,50
صندوق سرمایه گذاری شاخصی کارآفرین,50
صندوق سرمایه گذاری مشترک پیشرو کارگزاری مفید,50
صندوق سرمایه گذاری مشترک یکم سامان,50
صندوق با درآمد ثابت امین یکم,50
صندوق سرمایه گذاری افق ملت,50
صندوق سرمایه گذاری با درآمد ثابت کوثر یکم,50
سرمایه گذاری جسورانه,50
صندوق درآمد ثابت بانک ملت,50
صندوق های سرمایه گذاری در بورس,50
ثبت نام اینترنتی صندوق سرمایه گذاری,50
مشاهده پرتفوی صندوق های سرمایه گذاری,50
صندوق های سرمایه گذاری بانک ها,50
صندوق پیشتاز مفید چیست,50
آیا صندوق های سرمایه گذاری مطمئن هستند,50
بهترین صندوق سرمایه گذاری در بورس,50
صندوق سهامی چیست,50
صندوق سرمایه گذاری مشترک کارگزاری بانک ملی,50
صندوق سرمایه گذاری اندوخته آمیتیس,50
صندوق سرمایه گذاری سرو سودمند مدبران,50
صندوق سرمایه گذاری سامان یکم,50
بهترین صندوق درامد ثابت قابل معامله,50
صندوق سرمایه گذاری بانک ملی اعتماد,50
صندوق سرمایه گذاری مشترک رشد سامان,50
صندوق آگاس چیست,50
صندوق های etf چیست,50
صندوقهای etf,50
صندوق های طلا,50
etf مدیریت ثروت صندوق بازنشستگی کشوری,50
سرمایه گذاری مشترک,50
صندوق سرمایه گذاری زمرد نوویرا ذوب آهن,50
صندوق سرمایه گذاری سینا بهگزین,50
صندوق etf دولت,50
بازدهی صندوق های درآمد ثابت,50
سبدگردان اسمان,50
صندوق سرمایه گذاری قابل معامله,50
صندوق سرمایه گذاری آسمان آرمانی سهام,50
صندوق سرمایه گذاری کارگزاری مفید,50
مقایسه بازدهی صندوق های سرمایه گذاری,50
نحوه خرید صندوق سرمایه گذاری با درآمد ثابت,50
بازدهی صندوق فیروزه,50
صندوق سرمایه گذاری درآمد ثابت کاردان,50
ضامن نقد شوندگی چیست,50
صندوق آگاس در بورس,50
صندوق سرمایه گذاری ارزش,50
ورود به صندوق سرمایه گذاری لوتوس پارسیان,50
صندوقهای سرمایه گذاری بورس,50
بهترین صندوق درآمد ثابت در بورس,50
صندوق سرمایه گذاری مانی,50
صندوق فارابی یکم,50
صندوق های سرمایه گذاری درآمد ثابت,50
پرتفوی صندوق های سرمایه گذاری,50
صندوق سرمایه گذاری بانک انصار,50
صندوق سرمایه گذاری زمرد,50
صندوق سرمایه گذاری مشترک چیست,50
قیمت etf دارا یکم امروز,50
ابطال واحدهای صندوقهای سرمایه گذاری,50
با درآمد ثابت کمند,50
صندوق های سرمایه گذاری کارگزاری مفید,50
صندوق درامد ثابت امین آشنا ایرانیان,50
پربازده ترین سبدگردان سال ۹۹,50
اوراق بهادار با درآمد ثابت,50
بررسی صندوق های سرمایه گذاری,50
صندوق درآمد ثابت فیروزا,50
صندوق های سرمایه گذاری طلا,50
سهام دولتی etf,50
صندوق سرمایه گذاری آبان,50
صندوق های مختلط,50
سرمایه گذاری اندیشه فردا,50
صندوق درآمد ثابت بانک ملی,50
مقایسه صندوق های سرمایه گذاری در سهام,50
صندوق سرمایه گذاری جسورانه فیروزه,50
صندوق سرمایه گذاری مانا الگوریتم,50
صندوق های سرمایه گذاری اقتصاد نوین,50
صندوق سرمایه گذاری نهال,50
صندوق سرمایه گذاری مشترک توسعه امید,50
صندوق سرمایه گذاری کاوان آینده,50
صندوق سرمایه گذاری بانک ملی ایران,50
درباره صندوق اکسیر فارابی,50
صندوق سرمایه گذاری آرمان بانک کارآفرین,50
صندوق سرمایه گذاری آمیتیس,50
صندوق سرمایه گذاری گری اسکیل,50
صندوق سرمایه گذاری مشترک صبای هدف,50
صندوق سرمایه گذاری با درآمد ثابت آگاه,50
لیست صندوق های سرمایه گذاری جسورانه,50
سرمایه گذاری نگین رفاه,50
حداقل سرمایه برای سبدگردانی کاریزما,50
صندوق سرمایه گذاری ملت,50
صندوق سرمایه گذاری اطلس مفید,50
صندوق سرمایه گذاری مختلط کاریزما,50
نحوه مشاهده پرتفوی صندوق های سرمایه گذاری,50
صندوق درآمد ثابت افران,50
تاسیس صندوق سرمایه گذاری,50
صندوق سرمایه گذاری تجربه ايرانيان,50
صندوق درآمد ثابت قابل معامله در بورس,50
صندوق سرمایه گذاری بانک حکمت,50
صندوق سرمایه گذاری مشترک ممتاز,50
صندوق درآمد ثابت سپاس,50
انواع صندوقهای سرمایه گذاری,50
کدام صندوق درآمد ثابت بهتر است,50
قیمت روز etf,50
سهام etf چیست,50
صندوق درآمد ثابت فارابی,50
صندوق درآمد ثابت کارگزاری مفید,50
صندوق سرمایه گذاری زرین بانک شهر,50
بهترین صندوق های درآمد ثابت بورسی,50
صندوق سرمایه گذاری بانک مسکن آباد,50
صندوق سرمایه گذاری پیروزان,50
نحوه سرمایه گذاری در صندوق تجربه ایرانیان,50
بهترین صندوق مختلط,50
صندوق سرمایه گذاری افرا,50
صندوق سرمایه گذاری اندیشه خبرگان سهام,50
صندوق سرمایه گذاری باران,50
صندوق درآمد ثابت لوتوس پارسیان,50
صندوق سرمایه گذاری سرو در بورس,50
بهترین صندوق طلا,50
zomorodfund,50
صندوق سرمایه گذاری با درآمد ثابت امین یکم,50
صندوق سرمایه گذاری پاسارگاد,50
صندوق سرمایه گذاری درآمد ثابت سرآمد,50
صندوق سرمایه گذاری گسترش فردای ایرانیان بانک آینده,50
صندوق های سرمایه گذاری سهامی,50
پرسودترین صندوق های سرمایه گذاری,50
سبدگردان آسمان یکم,50
صندوق سرمایهگذاری مشترک یکم آبان,50
شرکت سرمایه گذاری فیروزه,50
صندوق سرمایه گذاری در سهام,50
صندوق سرمایه گذاری مفید پیشتاز,50
صندوق سرمایه گذاری بزرگ کاردان,50
حسابداری صندوق های سرمایه گذاری,50
صندوق درآمد ثابت کارین,50
صندوق سرمایه گذاری مشترک صبا,50
صندوق های سرمایه گذاری قابل معامله,50
صندوق سرمایه گذاری ارمغان یکم ملل,50
صندوق سرمایه گذاری توسعه امید,50
صندوق سهامی آسمان یکم,50
صندوق سرمایه گذاری سپید دماوند,50
صندوق سرمایه گذاری نوویرا,50
لیست صندوق های سرمایه گذاری طلا,50
مقایسه صندوق درآمد ثابت,50
پرتفوی صندوق سرمایه گذاری ارزش کاوان آینده,50
صندوق سرمایه گذاری شاخصی بازار آشنا,50
گنجینه رفاه صندوق سرمایه گذاری,50
صندوق با درآمد ثابت پاداش سرمایه بهگزین,50
صندوق سرمایه گذاری با درآمد ثابت سپهر تدبیرگران,50
لیست صندوق های درآمد ثابت قابل معامله,50
صندوقهای سرمایه گذاری بانک اقتصاد نوین,50
بهترین زمان ابطال صندوق سرمایه گذاری,50
صندوق سرمایه گذاری آرمان,50
نمودار ورود و خروج پول به صندوق های درامد ثابت,50
قیمت آماری هر واحد سرمایه گذاری,50
صندوق سرمایه گذاری سپهر کاریزما,50
صندوق سرمایه گذاری مرکزی,50
صندوق اعتماد سرمایه گذاری بانک ملی,50
صندوق های بادرآمد ثابت بورس,50
کارمزد خرید صندوق درآمد ثابت,50
سایت صندوق سرمایه گذاری بانک ایران زمین,50
صندوق سرمایه گذاری کوروش,50
صندوق سرمایه گذاری بانک ها,50
صندوق سرمایه گذاری حکمت ایرانیان,50
صندوق سرمایه گذاری مشترک یکم اکسیر فارابی,50
صندوق سرمایه گذاری آوای معیار,50
صندوق مختلط مفید,50
بهترین صندوق درآمد ثابت قابل معامله,50
بهترین صندوق سرمایه گذاری بانک سال 99,50
صندوق سرمایه گذاری زعفران سحرخیز,50
فروش پالایش یکم بدون کد بورسی,50
صندوق سرمایه گذاری فارکس,50
etf صندوق,50
سرمایه گذاری کاریزما چیست,50
صندوق سرمایه گذاری سپر سرمایه بیدار,50
بهترین صندوق درآمد ثابت بورس,50
سرمایه گذاری فیروزه,50
صندوق سرمایه گذاری بانک پارسیان لوتوس,50
سایت صندوق سرمایه گذاری آوای معیار,50
صندوق سرمایه گذاری بانکها,50
ورود و خروج پول به صندوق های درامد ثابت,50
بهترین صندوق سرمایه گذاری ثابت,50
صندوق etf مفید,50
صندوق قابل معامله در بورس,50
صندوق درآمد ثابت یاقوت,50
صندوق کاردان درآمد ثابت,50
معرفی صندوق های سرمایه گذاری,50
ثبت نام در صندوق سرمایه گذاری,50
بهترین صندوق سرمایه گذاری سهامی,50
صندوق سرمایه گذاری داریوش,50
صندوق سرمایه گذاری گوهر نفیس تمدن,50
بهترین صندوق برای سرمایه گذاری,50
صندوق سرمایه گذاری آکورد,50
صندوق سرمایه گذاری در بورس,50
صندوق سرمایه گذاری کارگزاری آگاه,50
صندوق ثابت امین یکم,50
صندوق سرمایه گذاری نهال سرمایه ایرانیان,50
صندوق های سرمایه گذاری خارجی,50
پرتفوی شرکت سرمایه گذاری آگاس,50
صندوق سرمایه گذاری etf,50
قیمت etf,50
سبدگردان فارابی,50
قیمت سهام etf دارا یکم,50
صندوق بادرآمد ثابت,50
ارزش روز سهام etf دولتی,50
صندوق با درآمد ثابت اعتماد,50
صندوق سرمایه گذاری واسطه گری مالی یکم,50
تحلیل بنیادی وصندوق,50
صندوق سرمایه گذاری تجارت شاخصی کاردان,50
صندوق سرمایه گذاری حکمت,50
صندوق سرمایه گذاری کارآفرین مشترک,50
صندوق یکم بورس,50
ثبت نام صندوق سرمایه گذاری,50
صندوق سرمایه گذاری مشترک گنجینه الماس پایدار,50
پربازده ترین صندوق های سرمایه گذاری با درآمد ثابت,50
ارکان صندوق های سرمایه گذاری,50
سرمایه گذاری با درآمد ثابت,50
صندوق سرمایه گذاری توسعه,50
صندوق درامد ثابت همای اگاه,50
صندوق سرمایه گذاری عیار,50
صندوق سرمایهگذاری تجربه ایرانیان,50
صندوقهای سرمایه گذاری آگاه,50
جریمه ابطال صندوق سرمایه گذاری,50
سرمایه گذاری زرین بانک شهر,50
سرمایه گذاری کاردان بانک تجارت,50
صندوق سرمایه گذاری کاریس,50
لیست اوراق با درآمد ثابت,50
etf ارز دیجیتال چیست,50
سرمایه گذاری ثابت,50
سرمایه گذاری و خدمات مدیریت صندوق بازنشستگی کشوری,50
صندوق سرمایه گذاری طلا چیست,50
صندوق درامد ثابت گنجینه آینده روشن,50
انواع صندوق,50
صندوق سرمایه گذاری مدیریت ثروت صندوق بازنشستگی کشوری,50
صندوق سرمایه گذاری کشتی ورزش ملی,50
صندوق سرمایه گذاری کارگزاری بانک تجارت,50
صندوق های سرمایه گذاری فارابی,50
شرکت سبدگردان سهم آشنا,50
صندوق عقیق سرمایه گذاری,50
صندوق سرمایه گذاری توسعه اندوخته آینده,50
صندوق سرمایه گذاری سپهر یکم بانک صادرات,50
پذیره نویسی etf,50
بازده صندوق تصمیم,50
صندوق ثابت کمند,50
صندوق سرمایه گذاری زمین و ساختمان,50
صندوق سرمایهگذاری کارگزاری بانک ملی,50
صندوق های درآمد ثابت مفید,50
قیمت هر واحد صندوق سرمایه گذاری آگاه,50
سپهر صندوق سرمایه گذاری,50
صندوق درآمد ثابت در بورس,50
صندوق سرمایه گذاری امین انصار,50
صندوق درآمد ثابت بهگزین,50
صندوق سرمایه گذاری رده,50
صندوق سرمایه گذاری مشترک پویا,50
صندوق سرمایه گذاری همای,50
صندوق سرمایه گذاری کامیاب,50
سایت صندوق سرمایه گذاری پارند پایدار سپهر,50
صندوق درآمد ثابت حامی,50
صندوق سرمایه گذاری ثروت داریوش,50
بهترین صندوقهای با درآمد ثابت,50
صندوق کارگزاری فارابی,50
اسامی صندوق های سرمایه گذاری,50
صندوق فیروزه etf,50
صندوق سرمایه گذاری خاتم ایساتیس پویا,50
صندوق سرمایه گذاری خبرگان سهام,50
صندوق سرمایه گذاری مشترک بورسیران,50
بهترین صندوق سرمایه گذاری با درآمد ثابت 99,50
صندوق سرمایه گذاری زرین,50
نحوه خرید صندوق طلای لوتوس,50
صندوق سهامی کاریزما,50
صندوق فیروزه بورس,50
بهترین صندوق های سهامی,50
صندوق درآمد ثابت سرآمد,50
صندوق سرمایه گذاری معیار,50
بهترین صندوق بورسی,50
رده صندوق سرمایه گذاری,50
شعب صندوق سرمایهگذاری اندیشه فردا,50
صندوق سرمایه گذاری مفید پیشرو,50
صندوق طلا بورس,50
صندوق کوثر یکم بورس,50
صندوق سرمایه گذاری بیت کوین,50
صندوق درآمد ثابت بانک شهر,50
صندوق سبدگردان,50
صندوق سرمایه گذاری خصوصی ثروت آفرین فیروزه,50
صندوق سرمایه گذاری افران,50
صندوق سرمایه گذاری آرمان اقتصاد,50
صندوق سرمایه گذاری امین سامان,50
سبد سرمایه گذاری گری اسکیل,50
صندوق سرمایه گذاری سپهر اول بانک صادرات ایران,50
صندوق سرمایه گذاری امین یکم فردا,50
صندوق های سرمایه گذاری مختلط,50
صندوق ممتاز مفید چیست,50
صندوق سرمایه گذاری سهام,50
صندوق سرمایه گذاری افق روشن,50
صندوق های سرمایه گذاری بانک ملت,50
سبحان صندوق سرمایه گذاری,50
صندوق های قابل معامله با درآمد ثابت,50
ماشین حساب صندوق سرمایه گذاری مفید,50
صندوق سرمایه گذاری آرمان آتی کوثر,50
صندوق های سرمایه گذاری با درآمد ثابت در بورس,50
انواع صندوق های سرمایه گذاری با درآمد ثابت,50
صندوق سرمایه گذاری پشتوانه طلای لوتوس,50
مقایسه صندوقهای سرمایه گذاری با درآمد ثابت,50
سایت صندوق مشترک کاریزما,50
صندوق سرمایه گذاری آی بی شاپ,50
صندوق درآمد ثابت بانک گردشگری,50
تحرکات صندوق های سرمایه گذاری,50
صندوق سپرده گذاری,50
مقایسه صندوق های سرمایه گذاری مختلط,50
نحوه خرید اوراق با درآمد ثابت,50
صندوق سرمایه گذاری مانو,50
صندوق سرمایه گذاری مشترک اقتصاد نوین,50
صندوقهای طلا در بورس,50
صندوق قابل معامله با درآمد ثابت,50
صندوق مختلط آگاه,50
صندوق س با درآمد ثابت تصميم,50
صندوق سرمایه ثابت,50
ثبت نام در صندوق سپهر کاریزما,50
صندوق درآمد ثابت بانک اقتصاد نوین,50
صندوق سرمايه گذاري امين آشنا ايرانيان,50
صندوق کاریزما درآمد ثابت,50
صندوق سرمایه گذاری ابان یکم,50
مقایسه صندوق های سرمایه گذاری مشترک,50
صندوق سرمایه گذاری با درآمد ثابت کاردان بانک تجارت,50
صندوق سرمایه گذاری مشترک ذوب آهن نوویرا,50
صندوق سرمایه گذاری ملی,50
صندوق سرمایه گذاری کوثر یکم موسسه اعتباری کوثر,50
ارز etf,50
صندوق سرمایه گذاری زعفران,50
صندوق سرمایهگذاری عقیق,50
صندوق درآمد ثابت بانک پاسارگاد,50
ساعت معاملات صندوق طلا,50
صندوق سرمایه گذاری شاخصی,50
تفاوت صندوق های سرمایه گذاری,50
صندوق مختلط چیست,50
رده بندی صندوق های سرمایه گذاری,50
صندوق تصمیم با درآمد ثابت,50
صندوق سرمایه گذاری آساس,50
صندوق سرمایه گذاری سینا,50
کارگزاری مفید صندوق پیشتاز,50
صندوق سرمایه گذاری ایرانیان بانک آینده,50
صندوق های سرمایه گذاری مشترک چیست,50
چگونه در صندوق پیشتاز مفید سرمایه گذاری کنیم,50
صندوق سرمایه گذاری افق کارگزاری بانک خاورمیانه,50
صندوق سرمایه گذاری جسورانه رویش لوتوس,50
صندوق سرمایه گذاری یاقوت,50
صندوق های سرمایه گذاری بانک شهر,50
بهترین صندوق درآمد ثابت etf,50
دامنه نوسان صندوق های سرمایه گذاری,50
درآمد ثابت کمند,50
سبدگردان های برتر سال 98,50
صندوق سرمایه گذاری بانک سرمایه,50
صندوق پارسیان سرمایه گذاری,50
فیپیران صندوق مختلط,50
بهترین صندوق سرمایه گذاری با درآمد ثابت بورس,50
سایت صندوق سرمایه گذاری,50
مقایسه صندوقهای درآمد ثابت,50
صندوقهای درآمد ثابت بورس,50
با درآمد ثابت کاریزما,50
سرمایه گذاری مشترک چیست,50
صندوق سبدگردان هدف,50
صندوق سرمایه گذاری آشنا,50
با درآمد ثابت نگین سامان,50
صندوق سرمایه گذاری طلای مفید,50
بهترین صندوق etf,50
صندوق بورس آگاه,50
صندوق سرمایه گذاری ثابت چیست,50
صندوقهای سهامی,50
صندوق های سهامی بورس,50
صندوق بادرآمد ثابت در بورس,50
صندوق سرمايه گذاري ارزش كاوان آينده,50
بهترین صندوق ثابت,50
صندوق سرمایه گذاری بانک صادرات سپهر اول,50
صندوق سرمایه گذاری پارسیان لوتوس,50
صندوق درآمد ثابت قابل معامله,50
مقایسه صندوق های سرمایه گذاری سهامی,50
صندوق درآمد ثابت etf,50
صندوق سرمایه گذاری یکم,50
پرسودترین صندوق درامد ثابت,50
بهترین صندوق با درامد ثابت بورس,50
بهترین صندوق سرمایه گذاری مفید,50
صندوق سرمایه گذاری آوای فردا زاگرس,50
صندوق سرمایه گذاری درآمد ثابت چیست,50
صندوق های سرمایه گذاری بانک پارسیان,50
ارزش etf امروز,50
صندوق سرمایه گذاری با درآمد ثابت تصمیم,50
پربازده ترین صندوق سرمایه گذاری با درآمد ثابت,50
سایت صندوقهای سرمایه گذاری,50
سرمایه گذاری در صندوق درآمد ثابت,50
صندوق etf دولت چیست,50
صندوق سرمایه گذاری سپاس,50
صندوق سرمایه گذاری کهربا,50
شکایت از صندوق های سرمایه گذاری,50
صندوق سرمایه گذاری آینده,50
کارمزد صندوق های درآمد ثابت,50
صندوق سبدگردان آگاه,50
پربازده ترین صندوق های سرمایه گذاری,50
صندوق اطلس در بورس,50
صندوق درامد ثابت همای,50
نحوه خرید و فروش واحدهای صندوق های سرمایه گذاری,50
صندوق سرمایه گذاری خلیج فارس,50
بیشترین بازدهی صندوق درآمد ثابت,50
سرمایه گذاری ره آورد آباد مسکن,50
صندوق ثروت هامرز,50
صندوق درامد ثابت امین یکم,50
صندوق درامد ثابت مانی,50
صندوق سرمایه گذاری مدیر,50
صندوق های مشترک سرمایه گذاری,50
صندوق سرمایه گذاری حامی مفید چیست,50
صندوق سرمایه گذاری دارا الگوریتم,50
دارا دوم در بورس,50
صندوق در آمد ثابت,50
صندوق سرمایه گذاری پویا,50
صندوقهای بورسی,50
معرفی صندوق های درآمد ثابت,50
آگاس صندوق سرمایه گذاری,50
بهترین صندوق با درآمد ثابت در بورس,50
صندوق سرمایه گذاری سپهر یکم,50
صندوق سرمایه گذاری گنجینه آینده روشن,50
بیشترین بازدهی صندوق های سرمایه گذاری,50
صندوق سرمایه گذاری مالی یکم,50
صندوق سرمایه گذاری مشترک آبان یکم,50
صندوق های بورسی با درامد ثابت,50
صندوق سرمايه گذاري مشترك تجربه ايرانيان,50
صندوق سرمایه گذاری تجربه,50
بازدهی صندوق سرمایه گذاری توسعه تعاون,50
صندوق سرمایه گذاری اوج,50
تحلیل صندوق های سرمایه گذاری,50
صندوق سرمایه گذاری آرمان سپهر آشنا,50
خرید صندوق درآمد ثابت,50
شرکت سبدگردان آمیتیس,50
صندوق درآمد ثابت همای,50
صندوق سرمایه گذاری بانک تعاون,50
صندوق سرمايه گذاري بانك اقتصاد نوين,50
صندوق سرمايه گذاري گسترش فرداي ايرانيان,50
صندوقهای سرمایه گذاری بانکها,50
قیمت هر واحد صندوق سرمایه گذاری,50
نحوه خرید سهام صندوق با درامد ثابت,50
صندوق با درآمد ثابت مانی,50
صندوق سرمایه گذاری حامی چیست,50
صندوق مشترک سرمایه گذاری,50
صندوق های سرمایه گذاری بانک مسکن,50
کد بورسی صندوق بازنشستگی کشوری,50
کارمزد خرید و فروش صندوق های سرمایه گذاری,50
صندوق سرمایه گذاری افق روشن بانک خاورمیانه,50
صندوق سرمایه گذاری گنجه,50
صندوق با درآمد ثابت نوویرا,50
صندوق سرمایه گذاری سپهر اندیشه نوین,50
نحوه سرمایه گذاری در صندوق ثروت آفرین تمدن,50
صندوق سرمایه گذاری مختلط چیست,50
صندوق سرمایه گذاری یکم نیکوکاری آگاه,50
بهترین صندوق های بادرآمد ثابت,50
صندوق درآمد ثابت صنعت و معدن,50
صندوق سرمایه گذاری بورس چیست,50
بهترین صندوق های سرمایه گذاری در بورس,50
صندوق آگاس بورس,50
صندوق سرمایه گذاری الماس دی,50
سرمایه گذاری در صندوق لوتوس پارسیان,50
صندوق سهامی مفید,50
مقایسه صندوق های سرمایه گذاری طلا,50
نحوه خرید صندوق سرمایه گذاری,50
اوراق با درآمد ثابت چیست,50
بازدهی صندوق ها,50
زمان معامله صندوق طلا,50
صندوقهای سرمایه گذاری در سهام,50
گروه سرمایه گذاری فیروزه,50
صندوق با درآمد ثابت قابل معامله در بورس,50
صندوق سرمایه گذاری پاداش سهامداری توسعه یکم,50
صندوق های سرمایه گذاری ثابت,50
فیپیران صندوق های سرمایه گذاری,50
صندوق سرمایه گذاری امیدتوسعه,50
سرمایه گذاری ثابت چیست,50
صندوق سبدگردان آرمان اقتصاد,50
صندوق سرمایه گذاری صبا تعاون,50
صندوق با درآمد ثابت در بورس,50
تلفن صندوق پاداش سرمایه بهگزین,50
صندوق سرمایه گذاری با درآمد ثابت نگین سامان,50
صندوق سرمایه گذاری مشترک فراز اندیش نوین,50
نام صندوق های سرمایه گذاری,50
سرمایه گذاری در صندوق طلا,50
صندوق سرمایه گذاری آوا معیار,50
صندوق سرمایه گذاری کاردان سهام بزرگ,50
صندوق درآمد ثابت نگین سامان,50
صندوق های etf با درآمد ثابت,50
بهترین صندوق های درآمد ثابت بورس,50
سایت صندوق سرمایه گذاری پیشرو,50
سرمایه گذاری در صندوق مفید,50
صندوق سرمایه گذاری حامی کارگزاری مفید,50
صندوق سرمایه گذاری درآمد ثابت سرآمد بانک شهر,50
صندوق سرمایه گذاری یکم ایرانیان بانک اقتصاد نوین,50
پربازده ترین صندوق درآمد ثابت,50
سبدگردان اگاه,50
کارمزد معاملات صندوق های سرمایه گذاری,50
بانک اقتصاد نوین صندوق سرمایه گذاری,50
صندوق سرمایه گذاری بانک ملل,50
صندوق کاریس در بورس,50
پذیره نویسی صندوق etf,50
صندوق سرمایه گذاری آتیه نوین بانک اقتصاد نوین,50
صندوق سرمایه گذاری پالایش یکم,50
بازدهی صندوق های سرمایه گذاری با درآمد ثابت,50
صندوق سرمایه گذاری سرامد,50
مقایسه صندوق های سرمایه گذاری درآمد ثابت,50
پربازده ترین صندوق سرمایه گذاری 98,50
صندوق های سرمایه گذاری جسورانه,50
صندوق های ثابت بورس,50
صندوق های سرمایه گذاری ارز دیجیتال,50
صندوق با درآمد ثابت آگاه,50
بهترین صندوق سرمایه گذاری جسورانه,50
صندوق سرمایه گذاری اندیشه فردا پاسارگاد,50
صندوق سرمایه گذاری مشترک شاخصی کارآفرین,50
صندوق سرمایه گذاری نیکوکاری بانک گردشگری,50
صندوق های سبدگردان,50
پر بازده ترین صندوق با درآمد ثابت,50
بازدهی صندوقهای سرمایه گذاری,50
شرایط تاسیس صندوق سرمایه گذاری,50
صندوق سرمایه گذاری افرا نماد پایدار,50
صندوق سرمایه گذاری دوم فارابی,50
صندوق سرمایه گذاری مشترک سینا,50
صندوق سرمایه گذاری مشترک مفید,50
صندوق سرمایه گذاری اکسیر اول فارابی,50
صندوق مشترک اندیشه فردا با درآمد ثابت,50
10 صندوق سرمایه گذاری برتر سال 99,50
صندوق سرمایه گذاری خاتم,50
کارمزد خرید و فروش صندوق با درآمد ثابت,50
صندوقهای با درآمد ثابت قابل معامله در بورس,50
صندوق سرمایه گذاری توسعه صادرات آرمانی,50
صندوق سرمایه گذاری گردشگری ایرانیان,50
كد بورسي صندوق ذخيره فرهنگيان,50
اساسنامه صندوق سرمایه گذاری,50
بازدهی صندوق های etf,50
دستورالعمل تاسیس صندوق سرمایه گذاری,50
ارز دیجیتال etf,50
صندوق سرمایه گذاری bfm,50
آشنایی با صندوق های سرمایه گذاری,50
مزایای صندوقهای سرمایهگذاری عبارتند از,50
صندوق درآمد ثابت گسترش فردای ایرانیان,50
ضامن نقدشوندگی صندوق کاردان,50
قوانین صندوق های سرمایه گذاری,50
بهترین صندوق سرمایه گذاری مشترک,50
صندوق بورس بانک ملی,50
صندوق ثابت کوثر یکم,50
صندوق سرمایه گذاری امین آشنا ایرانیان رده,50
صندوق سرمایه گذاری بانک تجارت کاردان,50
صندوق های سرمایه گذاری بانک آینده,50
صندوق سرمایه گذاری بانک پاسارگاد اندیشه فردا,50
صندوق سرمایه گذاری تجارت,50
مقایسه بازدهی صندوق های درآمد ثابت,50
امیدنامه صندوق سرمایه گذاری,50
صندوق etf طلا,50
صندوق با درآمد ثابت افرا,50
صندوق سرمایه گذاری امید و توسعه,50
لیست صندوق های سهامی,50
بهترین صندوق های بورسی,50
بهترین صندوقهای سرمایه گذاری در بورس,50
صندوق سرمایه گذاری نقره,50
ضامن نقد شوندگی صندوق,50
گنجینه امید ایرانیان با درآمد ثابت,50
صندوق اختصاصی بازارگردانی چیست,50
لیست صندوقهای با درآمد ثابت,50
صندوق درامد ثابت اگاه,50
صندوق سرمایه گذاری آنلاین,50
صندوق سرمایه گذاری سرو مدبران,50
صندوقهای با درآمد ثابت بورس,50
فروش صندوق دارا دوم,50
صندوق سرمایه گذاری قابل معامله چیست,50
صندوق های درآمد ثابت etf,50
صندوق های درآمد ثابت قابل معامله در بورس,50
صندوق با درامد ثابت کمند,50
صندوق سرمایه گذاری امین تدبیرگران فردا,50
صندوق سرمایه گذاری بادرآمد ثابت,50
صندوق های سرمایه گذاری بانک ملی,50
صندوق با درآمد ثابت نگین سامان,50
قیمت صندوق سرمایه گذاری خوارزمی,50
نماد صندوق های سرمایه گذاری,50
صندوق سرمایه گذاری افق بانک خاورمیانه,50
صندوق سرمایه گذاری سپهر خبرگان نفت,50
صندوق سرمایه گذاری یکم بانک کشاورزی,50
رده صندوق های سرمایه گذاری,50
صندوق سرمایه گذاری پروژه,50
بهترین صندوق های سرمایه گذاری مختلط,50
صندوق سرمایه گذاری سپهر آتی,50
صندوق سرمایه گذاری هستی آگاه,50
فروش etf,50
چگونه در صندوق سرمایه گذاری کنیم,50
بانک آینده صندوق سرمایه گذاری,50
بهترین صندوقهای درآمد ثابت,50
صندوق سرمایه گذاری بانک کارافرین,50
صندوقهای سرمایه گذاری اقتصاد نوین,50
صندوق های سرمایه گذاری etf,50
نحوه سرمایه گذاری در صندوق پیشتاز مفید,50
نظرات در مورد صندوق های سرمایه گذاری,50
خرید صندوق با درآمد ثابت,50
بیشترین بازدهی صندوق سرمایه گذاری,50
صندوق با درآمد ثابت بورس,50
صندوق سرمایه گذاری امید مفید,50
نحوه سرمایه گذاری در صندوق افق ملت,50
ثبت نام صندوق درآمد ثابت,50
صندوق سرمایه گذاری اقتصاد بیدار,50
صندوق های سرمایه گذاری بانک صادرات,50
وضعیت صندوق های سرمایه گذاری,50
صندوق etf بیت کوین,50
مزایای صندوق سرمایه گذاری,50
صندوق سرمایه گذاری سرو چیست,50
صندوق سرمایه گذاری سپهر سودمند سینا,50
صندوق سرمایه گذاری کارگزاری حافظ,50
صندوقهای سرمایه گذاری بانک صادرات,50
صندوق سرمایه گذاری etf چیست,50
صندوق سرمایه گذاری بانک ملی با درآمد ثابت,50
صندوق سرمایه گذاری پیشتاز مفید چیست,50
صندوق سرمایه گذاری گنجینه زرین,50
صندوق های سرمایه گذاری خصوصی,50
isignal صندوق,50
صندوق کاریزما حکمت,50
صندوق etf دوم,50
بهترین صندوقهای سرمایه گذاری با درآمد ثابت,50
صندوق سرمایه گذاری دانا سرمایه,50
صندوق سرمایه گذاری مالی یکم بانک ملت,50
سایت مقایسه صندوق های سرمایه گذاری,50
صندوق های سرمایه,50
پر بازده ترین صندوق های سرمایه گذاری,50
nav صندوق های سرمایه گذاری,50
سرمایه گذاری در لوتوس پارسیان,50
صندوق سرمایه گذاری زرافشان امید ایرانیان,50
حکم شرعی صندوق سرمایه گذاری با درآمد ثابت,50
صندوق سرمایه گذاری آسمان امید,50
صندوق سرمایه گذاری سامان رشد,50
صندوق سرمایه گذاری سهام ایرانیان,50
صندوق سرمایه گذاری سپه,50
ثبت صندوق سرمایه گذاری,50
سرمایه گذاری صندوق,50
صندوق سرمایه گذاری ارزی,50
صندوقetf,50
قیمت سهام etf دولت,50
مقایسه صندوق های etf,50
نحوه سرمایه گذاری در صندوق,50
صندوق امین یکم بورس,50
صندوق های سهامی چیست,50
صندوق کاریزما با درآمد ثابت,50
سایت صندوق سرمایه گذاری سپر سرمایه بیدار,50
صندوق سرمایه گذاری الماس,50
مزایا و معایب صندوق های سرمایه گذاری,50
آمار صندوق های سرمایه گذاری,50
بهترین صندوق درآمد ثابت 1400,50
بهترین صندوق های سرمایه گذاری درآمد ثابت,50
رتبه بندی صندوق های درامد ثابت,50
صندوق سرمایه گذاری آرون گروپس,50
سرمایه گذاری در صندوق پیشتاز مفید,50
صندوق های طلای بورس,50
آموزش صندوق های سرمایه گذاری,50
صندوق سرمایه گذاری اندیشه زرین پاسارگاد,50
بهترین صندوقهای درامد ثابت,50
صندوق سرمایه گذاری به گزین,50
انواع صندوق های سرمایه گذاری مفید,50
صندوق سرمایه گذاری دلاری,50
لیست صندوقهای سرمایه گذاری با درآمد ثابت,50
مجوز صندوق سرمایه گذاری,50
ریسک صندوق های سرمایه گذاری,50
ساعت معامله صندوق طلا,50
صندوق درامد ثابت بورس چیست,50
صندوق سرمایه گذاری با درامد ثابت بانک تجارت,50
تجربه سرمایه گذاری در صندوق سرمایه گذاری,50
صندوق سرمایه گذاری تجربه بانک آینده,50
صندوق سرمایه گذاری توازن معیار,50
صندوق سرمایه گذاری صایند,50
صندوق کارگزاری,50
بانک ملی صندوق سرمایه گذاری,50
بهترین صندوق طلا در بورس,50
درآمد صندوق های سرمایه گذاری,50
صندوق درآمد ثابت کامیاب,50
معاملات etf چیست,50
چگونه صندوق درامد ثابت بخریم,50
سرمایه گذاری درآمد ثابت,50
صندوق های درامد ثابت در بورس چیست,50
fipiran صندوق سرمایه گذاری,50
بانک گردشگری صندوق سرمایه گذاری,50
زمان معامله صندوق طلا در بورس,50
بالاترین بازدهی صندوق درامد ثابت,50
صندوق درآمد ثابت امین یکم فردا,50
صندوق درآمد ثابت کارگزاری آگاه,50
نحوه سرمایه گذاری در صندوق گنجینه زرین شهر,50
انواع صندوق های سرمایه گذاری بانک ها,50
سرمایه گذاری گسترش فردای ایرانیان,50
شرکت سبدگردان مانی,50
صندوق سرمایه گذاری کاریزما با درآمد ثابت,50
صندوق سرمایه گذاری یکم فارابی,50
صندوق با درامد ثابت مانی,50
صندوق سرمایه گذاری دماسنج,50
مقایسه صندوقهای سرمایه گذاری سهامی,50
صندوق سرمایه گذاری سیمرغ,50
صندوق سرمایه گذاری نیکوکاری,50
قیمت سهام شرکت سرمایه گذاری صندوق بازنشستگی کارکنان بانکها,50
صندوق سرمایه گذاری بانک صادرات ایران,50
صندوقهای درآمد ثابت چیست,50
صندوق ثابت همای,50
صندوق سرمایه گذاری اعتماد داریک,50
صندوق های سرمایه گذاری پیشرو,50
صندوقهای سرمایه گذاری کارگزاری مفید,50
لیست صندوق های قابل معامله در بورس,50
تعریف صندوق سرمایه گذاری,50
نحوه سرمایه گذاری در صندوق امین یکم,50
سرمایه گذاری بهگزین,50
صندوق درامد ثابت کوثر یکم,50
صندوق های بورسی چیست,50
معایب صندوق های سرمایه گذاری etf,50
صندوق etf درآمد ثابت,50
صندوق سرمايه گذاري بادرآمدثابت كمند,50
صندوق های سرمایه گذاری طلا در بورس,50
مقایسه عملکرد صندوق های سرمایه گذاری,50
صندوق سرمایه گذاری سهامی سرو,50
صندوق های درآمد ثابت آگاه,50
نحوه محاسبه nav صندوق سرمایه گذاری,50
اسم صندوق سرمایه گذاری,50
بالاترین بازدهی صندوق سرمایه گذاری,50
خروج پول از صندوق های درآمد ثابت,50
صندوق سرمایه گذاری بانک دی در بورس,50
صندوق سرمایه گذاری توسعه سرمایه نیکی,50
صندوق سرمایه گذاری خارجی,50
مقایسه صندوقهای سهامی,50
کارمزد خرید و فروش صندوق درامد ثابت,50
بهترین صندوق های سرمایه گذاری بورس,50
درباره صندوق های سرمایه گذاری,50
سیگنال صندوق های سرمایه گذاری,50
صندوق سرمایه گذاری بانک رفاه کارگران,50
سرمایه گذاری در صندوق سهامی,50
صندوق سرمایه گذاری انصار,50
صندوق سرمایه گذاری در بورس چیست,50
صندوق سرمایه گذاری ممتاز کارگزاری مفید,50
افزایش سرمایه کاریس,50
صندوق سرمایه گذاری ثروت هامرز,50
صندوق سرمایه گذاری پیروزان بانک پارسیان,50
نحوه خرید سهام صندوق های سرمایه گذاری,50
اعتبار صندوق های سرمایه گذاری,50
اندیشه فردا صندوق سرمایه گذاری,50
صندوق های ثابت,50
خروج پول از صندوق درامد ثابت,50
سوددهی صندوق های سرمایه گذاری,50
صندوق سرمایه گذاری بانک سینا,50
صندوق سرمایه گذاری خصوصی چیست,50
صندوق سرمایه گذاری مشترک گنجینه مهر,50
صندوق سهامی فراز داریک,50
ساعت معاملات صندوق های etf,50
صندوق درآمد ثابت کارگزاری فارابی,50
صندوق سرمایه گذاری سهم آشنا ایرانیان,50
صندوق سرمایه گذاری جسورانه چیست,50
صندوق سرمایه گذاری مشترک آرمان کارآفرین,50
چگونه در صندوق ها سرمایه گذاری کنیم,50
بهترین صندوق سهامی 1400,50
ده صندوق برتر سرمایه گذاری,50
سایت صندوق سرمایه گذاری مفید,50
صندوق سرمایه گذاری هدف حافظ,50
صندوق های سرمایه گذاری اگاه,50
صندوق های سرمایه گذاری کارگزاری آگاه,50
لیست صندوق های بادرآمد ثابت,50
کدام صندوق etf بهتر است,50
دستورالعمل صندوق های سرمایه گذاری,50
صندوق etf ارز دیجیتال,50
صندوق سرمایه گذاری صنعت و معدن خوبه,50
همه چیز درباره صندوق های سرمایه گذاری,50
صندوقهای قابل معامله با درآمد ثابت,50
فهرست صندوق های سرمایه گذاری,50
نحوه خرید صندوق درآمد ثابت در بورس,50
نحوه سرمایه گذاری در لوتوس پارسیان,50
نماد صندوق های بادرآمد ثابت,50
ثبت نام صندوق سرمایه گذاری لوتوس پارسیان,50
سایت صندوق سرمایه گذاری پالایشی یکم,50
صندوق سرمایهگذاری فیروزه موفقیت,50
تفاوت سبدگردانی و صندوق سرمایه گذاری,50
خرید etf,50
صفر تا صد صندوق های سرمایه گذاری,50
نحوه خرید صندوق با درآمد ثابت,50
نحوه سرمایه گذاری در صندوق سرو,50
استخدام در صندوق های سرمایه گذاری,50
صندوق امین یکم بورس چیست,50
صندوق سرمایه گذاری اهرمی,50
صندوق سرمایه گذاری کشاورزی,50
پرسودترین صندوق های درامد ثابت,50
سرمایه گذاری در صندوق با درآمد ثابت,50
صندوقهای سرمایه گذاری مشترک,50
چگونه صندوق سرمایه گذاری بخریم,50
بهترین صندوق ثابت بورس,50
صندوق سرمایه گذاری الماس پایدار,50
صندوق سرمایه گذاری نیکوکاری ندای امید,50
صندوقهای درامد ثابت بورس,50
صندوق قابل معامله چیست,50
لیست صندوق سرمایه گذاری,50
صندوق سرمایه گذاری جسورانه ستاره برتر,50
صندوق سرمایه گذاری سپر,50
مقایسه صندوق های سرمایه گذاری etf,50
پذیره نویسی صندوق سرمایه گذاری چیست,50
بهترین صندوق با درآمد ثابت قابل معامله در بورس,50
زمان معاملات صندوق طلا,50
صندوق سرمایه گذاری آگاس چیست,50
صندوق سرمایهگذاری بانک تجارت,50
سرمایه گذاری پالایش یکم,50
مقایسه صندوق های سرمایه گذاری بورس,50
همه چیز در مورد صندوق های سرمایه گذاری,50
ارز های etf,50
بازده صندوق سرمایه گذاری,50
صندوق سرمایه گذاری زرین بانک پارسیان,50
بهترین صندوق سرمایه گذاری درامد ثابت,50
صندوق سرمایه گذاری طلا لوتوس,50
صندوق درآمد ثابت سپر سرمایه بیدار,50
صندوق سرمایه گذاری سرآمد بانک شهر,50
صندوق های سرمایه گذاری بانک پاسارگاد,50
صندوقهای سرمایه گذاری بانک مسکن,50
پر بازده ترین صندوق سرمایه گذاری با درآمد ثابت,50
ساعت معاملات صندوق های سرمایه گذاری,50
صندوق سبدگردان مفید,50
صندوقها با درآمد ثابت,50
صندوق سرمایه گذاری بانک شهر 22درصد,50
صندوق های بادرآمد ثابت در بورس,50
کدام صندوق سرمایه گذاری بانک بهتر است,50
صندوق بورس با درآمد ثابت,50
صندوق سرمایه گذاری ibshop,50
صندوق های سرمایه گذاری فارکس,50
قیمت صدور هر واحد سرمایه گذاری,50
سودده ترین صندوق سرمایه گذاری,50
چگونه در صندوق های سرمایه گذاری سرمایه گذاری کنیم,50
بانک دی صندوق سرمایه گذاری,50
صندوق سرمایه گذاری ثابت مفید,50
صندوق سرمایه گذاری نصف جهان,50
صندوق سرمایه گذاری پردیس,50
صندوق سرمایه گذاری یکم کارگزاری بانک کشاورزی,50
صندوق های سهامی مفید,50
صندوق سرمایه گذاری فردا,50
ارزش سهام etf دارا یکم,50
ایا صندوق های سرمایه گذاری معتبر هستند,50
خرید صندوق های سرمایه گذاری,50
رتبه بندی صندوقهای سرمایه گذاری,50
روش سرمایه گذاری در صندوق های سرمایه گذاری,50
سرمایه گذاری کوثر یکم,50
صندوق سرمایه گذاری کاریزما بانک حکمت,50
صندوق سرمایه گذاری گنجینه سپهر صادرات,50
صندوقهای با درآمد ثابت در بورس,50
ارزش etf,50
بهترین بازدهی صندوق های سرمایه گذاری,50
صندوق سرمایه گذاری با درآمد ثابت مفید,50
مطمئن ترین صندوق سرمایه گذاری,50
صندوق سرمایه گذاری آسمان,50
صندوقهای سرمایه گذاری در بورس,50
معتبر ترین صندوق های سرمایه گذاری,50
نحوه ابطال واحدهای سرمایه گذاری,50
صندوق سرمایه گذاری شهر,50
صندوق سرمایه گذاری عیار مفید,50
صندوق سرمایه گذاری پاداش سرمایه,50
صندوق های سهامی قابل معامله در بورس,50
مزایای صندوق سرمایه گذاری عبارتند از,50
خرید سهام دولتی etf,50
خرید سهام صندوق سرمایه گذاری,50
صندوق سرمایه گذاری فراز,50
صندوق etf دارا یکم,50
صندوق بورس مفید,50
نحوه ثبت نام در صندوق سرمایه گذاری,50
بهترین صندوق های مختلط,50
صندوق بورسی بانک صادرات,50
صندوق سرمایه گذاری مشترک نوین پایدار,50
بانک شهر صندوق سرمایه گذاری,50
صندوق سرمایه گذاری اگاس,50
صندوق های تامین سرمایه سپهر,50
صندوق های سرمایه گذاری درامد ثابت,50
صندوق سرمایه گذاری اندیشه ورزان صبا تامین,50
اولین صندوق سرمایه گذاری خصوصی,50
کتاب صندوق های سرمایه گذاری,50
صندوق های سرمایه گذاری قابل معاملهی کارگزاری آگاه,50
صندوق درآمد ثابت الماس کوروش,50
صندوق سرمایه گذاری فیروزا,50
صندوق های سرمایه گذاری بورس چیست,50
صندوق های قابل معامله etf,50
بهترین صندوق قابل معامله در بورس,50
صندوق سرمایه گذاری مشترک مبین,50
صندوقهای سرمایه گذاری بانک ملت,50
صندوق بازنشستگی کشوری بورس,50
صندوق سرمایه گذاری جسورانه پارتیان,50
صندوق های سرمایه گذاری بانکها,50
انواع صندوق های سرمایه گذاری مشترک,50
ساعت معاملات طلای لوتوس,50
ساعت معامله صندوق های etf,50
صندوق سرمایه گذاری بازارگردانی,50
صندوق سرمایه گذاری ندای امید,50
صندوق های سرمایه گذاری قابل معامله در بورس,50
آیا سرمایه گذاری در صندوق سرمایه گذاری خوب است,50
انتخاب صندوق سرمایه گذاری,50
اوراق با درآمد ثابت در بورس,50
صندوق سرمایه گذاری ثابت افرا,50
صندوق سرمایه گذاری صنوین,50
صندوق سرمایه گذاری مختلط مفید,50
صندوقهای سرمایه گذاری بانک پارسیان,50
وارد کردن کد بورسی در صندوق ذخیره,50
رسام صندوق سرمایه گذاری,50
صندوق سرمایه گذاری با درآمد ثابت قابل معامله در بورس,50
صندوق سرمایه گذاری با ضامن نقد شوندگی,50
صندوق سرمایه گذاری داریک,50
صندوق های سرمایه گذاری پارسیان,50
زمان معاملات صندوق های etf,50
صندوق سرمايه گذاري كوثر يكم,50
کارمزد خرید و فروش صندوق سرمایه گذاری,50
بهترین صندوقهای سرمایه گذاری بورس,50
صندوق سرمایه گذاری آرمان آتیه درخشان مس,50
صندوق سرمایه گذاری بانک مهر ایران,50
صندوق سرمایه گذاری بذر امید آفرین,50
صندوق سرمایه گذاری سحر خیز,50
صندوق سرمایه گذاری غدیر,50
صندوق سرمایه گذاری مفید امید توسعه,50
صندوق سرمایه گذاری گنجینه یکم آوید,50
بهترین صندوق کارگزاری مفید,50
صندوق سرمایه گذاری امین آوید,50
بهترین و مطمئن ترین صندوق سرمایه گذاری,50
رتبه صندوق های سرمایه گذاری,50
سایت صندوق سرمایه گذاری ارزش آفرین بیدار,50
صندوق سرمایه گذاری بانک مهر اقتصاد,50
صندوق سرمایه گذاری گنجینه آرمان شهر,50
آموزش سرمایه گذاری در صندوق های سرمایه گذاری,50
صندوق سرمایه گذاری خصوصی اعتبار سرمایه نوآفرین,50
صندوق های سرمایه گذاری در بورس چیست,50
بانک پاسارگاد صندوق سرمایه گذاری,50
سرمایه گذاری ثروت آفرین تمدن,50
صندوق های سرمایه گذاری مبین سرمایه,50
منظور از nav در صندوق های سرمایه گذاری چیست,50
بیشترین بازدهی صندوق های سهامی,50
صندوق سرمایهگذاری سپر سرمایه بیدار,50
صندوق های سرمایه گذاری با درآمد ثابت چیست,50
نماد صندوق های سرمایه گذاری در بورس,50
کارمزد خرید و فروش سهام صندوق های سرمایه گذاری,50
صندوق فیپیران,50
خرید سهام etf,50
صندوق سرمایه گذاری با درآمد ثابت بانک ملی,50
صندوق سرمایه گذاری نگین رفاه چیست,50
صندوق های سرمایه گذاری مقایسه,50
مفید صندوق سرمایه گذاری,50
نحوه خرید صندوق etf,50
بانک ملت صندوق سرمایه گذاری,50
صندوق سرمایه گذاری تمدن بانک شهر,50
صندوق سرمایه گذاری طلا در بورس,50
صندوق سرمایه گذاری گنجینه ارمغان الماس,50
معتبرترین صندوق سرمایه گذاری,50
پذیره نویسی صندوق کاریزما,50
چطور در صندوق سرمایه گذاری کنیم,50
چگونگی سرمایه گذاری در صندوق های سرمایه گذاری,50
صندوق سرمایه گذاری درآمد ثابت آپ,50
صندوق سرمایه گذاری گسترش بانک آینده,50
صندوق سرمایه گذاری گنجینه امید ایرانیان بانک سپه,50
مشاوره صندوق سرمایه گذاری,50
درامد ثابت در بورس,50
صندوق سپرده گذاری بورس,50
ناو صندوق های سرمایه گذاری,50
سرمایه گذاری در صندوق بورس,50
صندوق سبدگردانی,50
صندوق سرمایه گذاری بیمه ایران,50
ماشین حساب صندوق سرمایه گذاری,50
صندوق سرمایه گذاری بدون مراجعه حضوری,50
صندوق سرمایه گذاری ثابت حامی چیست,50
صندوق سرمایه گذاری نهایت نگر,50
صندوق همای بورس,50
صندوق سرمایه گذاری با درآمد ثابت مانی,50
ثبت نام در صندوق سرمایه گذاری مفید,50
صندوق سرمایه گذاری با ریسک بالا,50
صندوق های سرمایه گذاری شاخصی,50
صندوق های سرمایه گذاری قابل معامله چیست,50
صندوق سرمایه گذاری آتیمس,50
ثبت نام etf,50
صندوق سرمایه گذاری ثروت افرین تمدن,50
صندوق های سرمایه گذاری با ضامن نقد شوندگی,50
معاملات etf,50
پذیره نویسی صندوق با درآمد ثابت,50
پذیره نویسی صندوق زرین,50
صندوق درآمد ثابت نوع دوم,50
بهترین صندوق سرمایه گذاری طلا در بورس,50
پرتفوی صندوق سرمایه گذاری آگاس,50
کارمزد خرید صندوق های درآمد ثابت,50
اخبار صندوق های سرمایه گذاری,50
رتبه بندی صندوق های سرمایه گذاری بورس,50
صندوق های بورس مفید,50
فروش صندوق etf,50
کدام صندوق برای سرمایه گذاری بهتر است,50
بهترین صندوق سرمایه گذاری کدام است,50
سپرده گذاری در صندوق های سرمایه گذاری,50
صدور و ابطال واحدهای سرمایه گذاری,50
نحوه خرید صندوق های سرمایه گذاری,50
etf سهام,50
سودآورترین صندوق های سرمایه گذاری,50
شرکت های سرمایه گذاری با درآمد ثابت,50
صندوقهای سرمایه گذاری بانک دی,50
لیست صندوق های سرمایه گذاری در بورس,50
معرفی بهترین صندوق های سرمایه گذاری,50
امنیت صندوق های سرمایه گذاری,50
بزرگترین صندوق سرمایه گذاری,50
صندوق در بورس چیست,50
انتخاب بهترین صندوق سرمایه گذاری,50
بهترین صندوق های سرمایه گذاری با درامد ثابت,50
صندوق سرمایه گذاری استانی,50
صندوق سرمایه گذاری با درآمد ثابت ماهیانه,50
صندوق سرمایه گذاری در سهام چیست,50
صندوق سرمایه گذاری ذخیره شاهد,50
صندوق سرمایه گذاری صبای هدف با درآمد ثابت,50
صندوق سرمایه گذاری نیکوکاری لوتوس رویان,50
بهترین صندوق سرمایه گذاری بورس کدام است,50
بهترین صندوق های سرمایه گذاری قابل معامله در بورس,50
بهترین صندوقهای سرمایه گذاری سهامی,50
صندوق سرمایه گذاری با درآمد ثابت کارگزاری مفید,50
صندوق سرمایه گذاری فارابیکسو,50
صندوق سرمایه گذاری هما,50
بهترین صندوق های سرمایه گذاری در سهام,50
صندوق سرمایه گذاری سهامی چیست,50
صندوق سرمایه گذاری لوتوس طلا,50
صندوقهای سرمایه گذاری چیست,50
10 صندوق سرمایه گذاری برتر 1400,50
آیا صندوقهای سرمایه گذاری معتبر هستند,50
ثبت نام در صندوق های سرمایه گذاری,50
دارا یکم etf,50
ساعت معاملات صندوق های طلا,50
صندوق سرمایه گذاری مقایسه,50
صندوق های سرمایه گذاری سهام,50
صندوقهای سرمایه گذاری طلا در بورس,50
معتبرترین صندوق های سرمایه گذاری,50
صندوق های برتر سرمایه گذاری بورس,50
صندوقسرمایه گذاری,50
بازدهی صندوق های سرمایه گذاری بورس,50
صندوق در بورس,50
صندوق سرمایه گذاری ویستا,50
صندوق سرمایهگذاری حکمت آشنا,50
مقایسه صندوق سرمایه گذاری با درآمد ثابت,50
بهترین صندوق ها برای سرمایه گذاری,50
صندوق آگاه سرمایه گذاری,50
صندوق با ضامن نقد شوندگی,50
صندوق سرمایه گذاری بهترین,50
صندوق سرمایه گذاری ثابت ویستا,50
صندوق سرمایه گذاری مشترک دماسنج,50
صندوق سرمایه گذاری کالایی,50
صندوق های مشترک سرمایه گذاری چیست,50
سیگنال صندوق سرمایه گذاری,50
صندوق سرمایه گذاری کاریزما چیست,50
نحوه ابطال واحد صندوق سرمایه گذاری,50
سرمایه گذاری در صندوق های مفید,50
شاخص صندوق های سرمایه گذاری,50
صندوقهای سرمایه گذاری مختلط,50
نحوه کار صندوق های سرمایه گذاری,50
نمونه قرارداد صندوق سرمایه گذاری,50
بهترین صندوق های قابل معامله,50
سایت رسمی صندوق های سرمایه گذاری,50
صندوق سرمایه گذاری الماس تدبیرگران فردا,50
صندوق سرمایه گذاری مشترک صندوق حافظ,50
صندوق های سرمایه گذاری در فارکس,50
لیست صندوقهای etf,50
بازدهی ماهانه صندوق های سرمایه گذاری,50
بهترین صندوق سرمایه گذاری سهام,50
صندوق سرمایه گذاری با درآمد ثابت بانک آینده,50
صندوق سرمایه گذاری با درآمد ثابت نوویرا ذوب آهن,50
صندوق سرمایه گذاری مفید بورس,50
خرید صندوق سرمایه گذاری در بورس,50
صندوق الماس در بورس,50
صندوق سرمایه گذاری با درآمدثابت کوثر یکم,50
صندوق سرمایه گذاری سیگنال,50
صندوق سرمایه گذاری نواندیشان,50
صندوق سرمایه گذاری پیشرو مفید چیست,50
صندوق مشترک سرمایه گذاری پویا,50
نحوه خرید سهام صندوق طلای لوتوس,50
نحوه سوددهی صندوق های سرمایه گذاری,50
تشکیل صندوق سرمایه گذاری,50
در چه صندوقی سرمایه گذاری کنیم,50
صندوق سرمایه گذاری آسامید,50
قیمت ابطال هر واحد سرمایه گذاری,50
چگونه در صندوق های سرمایه گذاری مفید ثبت نام کنیم,50
سهام صندوق سرمایه گذاری,50
صندوق سرمایه گذاری نیکی,50
صندوق سرمایه گذاری ویژه طلا,50
لیست صندوق های سرمایه گذاری سهامی,50
کارمزد صندوق سرمایه گذاری,50
صندوق سرمایه گذاری و پویا,50
لیست صندوقهای قابل معامله در بورس,50
خرید سهام etf بازنشستگان کشوری,50
صندوق سرمایه گذاری بانک شهر 22 درصد,50
صندوق سرمایه گذاری مشترک بانک صنعت و معدن,50
قیمت صدور و ابطال صندوق سرمایه گذاری,50
مزیت صندوق های سرمایه گذاری,50
بازدهی صندوق سرمایه گذاری آگاه,50
حد نصاب صندوق های سرمایه گذاری,50
سرمایه گذاری در صندوق امین آشنا,50
سرمایه گذاری در صندوق سرمایه گذاری,50
صندوق etf آگاه,50
صندوق سرمایه گذاری بورس مفید,50
گسترش فردای ایرانیان صندوق سرمایه گذاری,50
آیا صندوق های سرمایه گذاری در بورس مطمئن هستند,50
صندوق سرمایه گذاری کارا,50
صندوق سرمایه گذاری کارگزاری فارابی,50
صندوق سرمایه گذاری یاقوت آگاه ثابت,50
مراحل تاسیس صندوق سرمایه گذاری,50
انواع صندوق سرمایه گذاری در بورس,50
سرمایه گذاری در صندوق ها,50
صندوق سرمایه گذاری رشد بانک سامان,50
صندوق سرمایه گذاری پست بانک ایران,50
سایت صندوق های سرمایه گذاری بورس,50
نحوه فروش etf,50
سرمایه گذاری یکم,50
صندوق سبد گردان,50
صندوق سرمایه گذاری امین بانک انصار,50
صندوق سرمایه گذاری طلای سرخ,50
صندوق سرمایهگذاری در اوراق بهادار مبتنی بر سکه طلای مفید,50
قیمت صدور هر واحد از صندوق سرمایه گذاری,50
نحوه خرید و فروش صندوق سرمایه گذاری,50
کارگزاری آگاه صندوق سرمایه گذاری,50
بهترین صندوق برای سرمایه گذاری در بورس,50
حکم شرعی صندوق سرمایه گذاری,50
خرید صندوق در بورس,50
سبدگردان الگوریتم خوارزمی,50
سرمایه گذاری ممتاز,50
صندوق سرمایه گذاری آگاه چیست,50
صندوقهای سرمایه گذاری طلا,50
فیروزه صندوق سرمایه گذاری,50
چگونه در صندوق طلا سرمایه گذاری کنیم,50
بازدهی صندوق های سرمایه گذاری در سهام,50
زمان معامله صندوق های etf,50
صندوق سبدگردان چیست,50
صندوق های etf در بورس,50
عرضه اولیه صندوق سرمایه گذاری,50
مجمع صندوق سرمایه گذاری,50
etf صندوق سرمایه گذاری,50
بهترین صندوق های سرمایه گذاری طلا,50
درآمد ثابت از بورس,50
سهام صندوق های سرمایه گذاری,50
صندوق سرمایه گذاری پشتوانه طلای مفید,50
صندوق سرمایه گذاری پیشگامان سرمایه نوآفرین مشاور سرمایه گذاری فاینتک,50
صندوق سهامی زمرد,50
etf چیست صندوق,50
بهترین صندوق سرمایه گذاری مختلط سال 99,50
ثبت نام صندوق etf,50
صندوق سرمایه گذاری بدون ریسک,50
صندوق سرمایه گذاری چیست ویکی پدیا,50
انواع صندوق سرمایه گذاری بورس,50
صندوق سرمایه گذاری اوستا,50
صندوق سرمایه گذاری در فارکس,50
نحوه خرید از صندوق های سرمایه گذاری,50
انواع صندوق های سرمایه گذاری بانک شهر,50
ایا صندوق سرمایه گذاری ضرر دارد,50
سبدگردانی یا صندوق سرمایه گذاری,50
صندوق سرمایه گذاری شاخص سی شرکت بزرگ فیروزه,50
صندوق سرمایه گذاری یا سپرده بانکی,50
صندوق کهربا کاریزما,50
فرق صندوق سرمایه گذاری با بورس,50
منظور از صندوق سرمایه گذاری چیست,50
پرسودترین صندوقهای سرمایه گذاری بورس,50
کدام صندوق های سرمایه گذاری بهتر است,50
امیدنامه صندوق های سرمایه گذاری,50
بتای صندوق های سرمایه گذاری,50
بهترین صندوق سرمایه گذاری بانک ها کدام است,50
بهترین صندوقهای سرمایه گذاری مختلط,50
خرید واحدهای صندوق سرمایه گذاری,50
سرمایه گذاری در صندوق های بورسی,50
صندوق سرمایه گذاری طلا آگاه,50
نوسان گیری در صندوق های سرمایه گذاری,50
کارمزد معاملات صندوق طلا,50
بهترین صندوق های سبدگردانی,50
سرمایه گذاری etf,50
صندوق سرمایهگذاری بانک اینده,50
مقایسه صندوق های سرمایه گذاری بانک ها,50
تفاوت صندوق سرمایه گذاری با سبدگردانی,50
سایت بررسی صندوق های سرمایه گذاری,50
سهام صندوق سرمایه گذاری etf,50
صندوق قابل معامله etf,50
صندوقهای سرمایه گذاری سهامی,50
نحوه ابطال سهام صندوق های سرمایه گذاری,50
آموزش صندوق سرمایه گذاری,50
سرمایه گذاری مختلط کاریزما,50
صندوق سرمایه گذاری در طلا,50
اسامی صندوقهای سرمایه گذاری,50
بهترین صندوقهای قابل معامله در بورس,50
شرایط صندوق سرمایه گذاری,50
صندوق etf کارگزاری مفید,50
مزایای صندوق های سرمایه گذاری چیست,50
مفید صندوق های سرمایه گذاری,50
انواع صندوق های سرمایه گذاری در سهام,50
صندوق سرمایه گذاری آسام,50
لیست صندوق های سرمایه گذاری در سهام,50
نحوه ثبت نام در صندوق های سرمایه گذاری,50
بهترین صندوق جهت سرمایه گذاری,50
نحوه ثبت نام در صندوق سرمایه گذاری مفید,50
چگونه در صندوق طلای لوتوس سرمایه گذاری کنیم,50
شرایط صندوق های سرمایه گذاری,50
وضعیت صندوق های سرمایه گذاری در بورس,50
اطلس صندوق بورس,50
بانک سپه صندوق سرمایه گذاری,50
صندوق سبدگردانی آگاه,50
صندوق سرمایه گذاری بانک چیست,50
صندوق سرمایه گذاری نیکوکاری ایتام برکت,50
صندوق های سرمایه گذاری سیگنال,50
بهترین صندوق بورس برای سرمایه گذاری,50
ثروت آفرین تمدن صندوق سرمایه گذاری,50
صندوق ارزی بورس,50
صندوق سرمایه طلا,50
صندوق سرمایه گذاری خوب,50
صندوق سرمایه گذاری قابل معامله اطلس,50
صندوق سرمایه گذاری پالایش,50
صندوق مفید بورس,50
صندوق های سرمایه گذاری برتر,50
صندوق های سرمایه گذاری ثابت در بورس,50
صندوق های سرمایه گذاری در طلا,50
صندوق های سرمایه گذاری مختلط چیست,50
مزایای سرمایه گذاری در صندوقهای سرمایه گذاری,50
موفق ترین صندوق های سرمایه گذاری,50
چگونه در صندوقهای مفید سرمایه گذاری کنیم,50
بهترین بانک سرمایه گذاری,50
بهترین صندوق سرمایه گذاری سهامی سال 99,50
بهترین صندوق های سرمایه گذاری ثابت,50
بورس صندوق سرمایه گذاری,50
روش etf,50
صندوق سرمایه گذاری دارا,50
چگونگی سرمایه گذاری در صندوق های مفید,50
انواع صندوق های کارگزاری مفید,50
بهترین صندوق سرمایه گذاری در بورس کدام است,50
ساعات معامله صندوق طلا در بورس,50
سایت صندوق سرمایه گذاری لوتوس پارسیان,50
صدور واحد صندوق سرمایه گذاری,50
صندوق سرمایه گذاری امید بانک انصار,50
صندوق سرمایه گذاری دارایکم,50
صندوق سرمایه گذاری دولتی,50
صندوق سرمایه گذاری سهامی مفید,50
صندوق های سرمایه گذاری استانی سهام عدالت,50
صندوقهای سرمایه گذاری درآمد ثابت,50
پرتفوی صندوقهای سرمایه گذاری,50
صندوق سرمایه گذاری جدید,50
صندوق سرمایه گذاری سرمد,50
صندوق های سرمایه گذاری بانکی,50
عملکرد صندوقهای سرمایه گذاری,50
لیست صندوق های سرمایه گذاری etf,50
لیست صندوقهای سرمایه گذاری مختلط,50
مجوز صندوق های سرمایه گذاری,50
چگونه در صندوق بورس سرمایه گذاری کنیم,50
چگونه در صندوق سرمایه گذاری مفید ثبت نام کنیم,50
کانال تلگرام صندوق های سرمایه گذاری,50
اسامی صندوقهای سرمایه گذاری بورس,50
تحلیل صندوق های etf,50
سهام با درامد ثابت,50
صندوق سرمایه گذاری افق کوروش,50
صندوق های سرمایه گذاری استانی,50
صندوق های سرمایه گذاری با پشتوانه طلا,50
نحوه ابطال صندوق سرمایه گذاری,50
صندوق سرمایه گذاری آینده ساز بانک آینده,50
نحوه ورود به صندوق های سرمایه گذاری,50
کارمزد صندوق قابل معامله,50
بهترین صندوق قابل معامله,50
ریسک سرمایه گذاری در صندوق های سهامی,50
ساعت کار صندوق های سرمایه گذاری,50
سرمایه گذاری در صندوق های سهامی,50
سودهای صندوق های سرمایه گذاری,50
شرکت های واسطه گری مالی,50
صندوق etfچیست,50
صندوق های سرمایه گذاری پر بازده,50
امن ترین صندوق سرمایه گذاری,50
خرید آنلاین صندوق سرمایه گذاری,50
سرمایه گذاری صندوق یکم,50
سرمایه گذاری مالی یکم,50
صندوق سرمایه گذاری آینده روشن,50
صندوق سرمایه گذاری مبتنی بر طلا,50
انواع صندوقهای کارگزاری مفید,50
بهترین صندوق سهامی قابل معامله,50
خرید سهام صندوق های سرمایه گذاری,50
صندوق سرمايه گذاري بانك ملي ايران,50
صندوقهای مشترک سرمایه گذاری,50
واحد صندوق سرمایه گذاری چیست,50
بانک پارسیان صندوق سرمایه گذاری,50
بانک کارآفرین صندوق سرمایه گذاری,50
صندوق سرمایه گذاری سخند,50
صندوق سرمایه گذاری مشترک بانک دی,50
لیست بهترین صندوق های سرمایه گذاری در سهام,50
چه صندوق سرمایه گذاری خوبه,50
کارگزاری مفید صندوق سرمایه گذاری,50
بالاترین بازده صندوق سرمایه گذاری,50
سرمایه گذاری در کدام صندوق بهتر است,50
صندوق سرمایه گذاری پشتوانه طلا,50
صندوق های سرمایه گذاری ریسک پذیر,50
صندوقهای سرمایه گذاری etf,50
نحوه خرید صندوق های سرمایه گذاری مفید,50
اطلاعات در مورد صندوق های سرمایه گذاری,50
بهترین زمان سرمایه گذاری در صندوق,50
صندوق سرمایه گذاری با بیشترین بازدهی,50
صندوق سرمایه گذاری معتبر,50
صندوق سرمایه گذاری کارگزاری خوارزمی,50
نماد شرکت سرمایه گذاری صندوق بازنشستگی کشوری,50
صندوق سرمایه گذاری ثروتم,50
صندوق سرمایه گذاری لوتوس رویان,50
پر بازده ترین صندوق های etf,50
صندوق سرمایه گذاری مهر اقتصاد,50
بازدهی صندوق سرمایه گذاری مفید,50
تفاوت سبدگردانی با صندوق سرمایه گذاری,50
صندوق سرمایه گذاری ذینفعان,50
صندوق سرمایه گذاری کارگزاری آبان,50
صندوق های سرمایه گذاری مبتنی بر طلا,50
مقایسه صندوق های سرمایه گذاری طلا در بورس,50
نحوه خرید واحد صندوق سرمایه گذاری,50
نحوه معامله صندوق طلای لوتوس,50
ورشکستگی صندوق های سرمایه گذاری,50
پرتفوی صندوق سرمایه گذاری افق ملت,50
کدام صندوق سرمایه گذاری,50
صندوق سرمایه گذاری کاوان,50
هزینه های صندوق سرمایه گذاری,50
پرسودترین صندوق های سرمایه گذاری در بورس,50
آدرس صندوق سرمایه گذاری مفید,50
اطلاعات صندوقهای سرمایه گذاری,50
سرمایه گذاری در صندوقهای سرمایه گذاری,50
صندوق سرمایه گذاری پشتوانه سکه طلای زر,50
صندوق های سبد گردان,50
صندوق های قابل معامله طلا,50
پذیره نویسی صندوق های سرمایه گذاری,50
بهترین صندوق سبدگردان,50
سرمایه گذاری زرین پارسیان,50
سرمایه گذاری صندوق طلا,50
صندوق سرمایه گذاری آرمان بانک شهر,50
نماد صندوق های طلا در بورس,50
آینده صندوق های سرمایه گذاری,50
ثبت نام در صندوق های سرمایه گذاری مفید,50
صندوق سرمایه گذاری بادرآمد ثابت کوثر یکم,50
صندوق سرمایه گذاری سبدگردان هدف,50
قوی ترین صندوق سرمایه گذاری,50
چگونه در صندوق های کارگزاری مفید سرمایه گذاری کنیم,50
چگونه صندوق سرمایه گذاری انتخاب کنیم,50
کدام صندوق سرمایه گذاری خوبه,50
آلفا صندوق سرمایه گذاری چیست,50
انواع صندوقهای سرمایه گذاری در بورس,50
بهترین و پرسودترین صندوق سرمایه گذاری,50
راهنمای خرید صندوق سرمایه گذاری,50
صندوق بورس کاریزما,50
صندوق سرمایه گذاری بانک رفاه etf,50
صندوق سرمایه گذاری چیست در بورس,50
لیست صندوقهای سرمایهگذاری با درآمد ثابت,50
نحوه سرمایه گذاری در صندوق مفید,50
نحوه سرمایه گذاری در صندوقهای سرمایه گذاری,50
کارمزد صندوقهای سرمایه گذاری,50
ثبت نام آنلاین صندوق سرمایه گذاری,50
سبدگردانی بهتر است یا صندوق سرمایه گذاری,50
چگونه سهام صندوق سرمایه گذاری بخریم,50
آموزش صندوق های سرمایه گذاری بورس,50
صندوق های سرمایه گذاری کارگزاری فارابی,50
مشاوره صندوق های سرمایه گذاری,50
ملت صندوق سرمایه گذاری,50
کم ریسک ترین صندوق سرمایه گذاری,50
انواع صندوق های سرمایه گذاری آگاه,50
صندوق سرمایه گذاری ای وست,50
صندوق سرمایه گذاری یعنی چه,50
عرضه دارا دوم در بورس,50
نحوه سرمایه گذاری در صندوق های مفید,50
هزینه ابطال صندوق سرمایه گذاری,50
اسامی صندوق های سرمایه گذاری در بورس,50
سجام صندوق سرمایه گذاری,50
صادرات صندوق سرمایه گذاری,50
صندوق سرمایه گذاری در سهام مفید,50
نحوه سرمایه گذاری در صندوق های بورس,50
سهام etf دولت,50
شرایط سرمایه گذاری در صندوق پیشتاز مفید,50
صندوق سرمایه بورس,50
صندوق سرمایه گذاری شستا,50
صندوق سرمایه گذاری مهرآفرین,50
صندوق سرمایهگذاری بانک پارسیان,50
لیست صندوقهای سرمایه گذاری در سهام,50
نظرات درباره صندوق های سرمایه گذاری,50
nav در صندوق سرمایه گذاری چیست,50
صندوق سرمایه گذاری سهام چیست,50
صندوق های سرمایه گذاری طلا چیست,50
چگونه بهترین صندوق سرمایه گذاری را انتخاب کنیم,50
اعتماد به صندوق های سرمایه گذاری,50
بهترین صندوق های سرمایه گذاری طلا در بورس,50
جدیدترین صندوق های سرمایه گذاری,50
زمان معامله صندوق etf,50
صندوق سرمایه گذاری اخزا,50
صندوق سرمایه گذاری توسعه ممتاز مفید,50
صندوق سرمایه گذاری واسطه مالی یکم,50
صندوق های etf دولتی,50
ضامن نقدشوندگی صندوق های سرمایه گذاری,50
بهترین صندوق سرمایه گذاری کارگزاری مفید,50
خرید سهام صندوق طلای لوتوس,50
صندوق سرمایه گذاری آرتمیس,50
صندوق سرمایه گذاری مفید چیست,50
صندوق های سرمایه گذاری بهترین,50
نحوه عملکرد صندوق های سرمایه گذاری,50
بهترین صندوق etf برای سرمایه گذاری,50
درصد صندوق های سرمایه گذاری,50
صندوقهای سرمایه گذاری با درامد ثابت,50
چگونه پول خود را در صندوق بورس سرمایه گذاری کنیم,50
بهترین سهام صندوق سرمایه گذاری,50
لیست صندوق های سرمایه گذاری بانک ها,50
چند نوع صندوق سرمایه گذاری داریم,50
حداقل مبلغ سبدگردانی آگاه,50
سهام بخریم یا صندوق سرمایه گذاری,50
صندوق سبد گردانی,50
صندوق سرمايه گذاري امين يکم فردا,50
صندوق سرمایه گذاری بانک مرکزی,50
صندوق سرمایه گذاری بانک مسکن چیست,50
صندوق سرمایه گذاری ذوب آهن,50
صندوق سرمایه گذاری پالایشی یکم چیست,50
صندوق مفید سرمایه گذاری,50
صندوق هاى سرمايه گذارى,50
معایب صندوق سرمایه گذاری,50
نحوه سرمایه گذاری در صندوق سپهر اول کارگزاری بانک صادرات,50
نحوه سرمایه گذاری در صندوق پیشرو مفید,50
nav صندوقهای سرمایه گذاری,50
بهترین صندوق سرمایه گذاری سهامی ۹۹,50
بورس etf چیست,50
سرمایه گذاری دارا یکم,50
سرمایه گذاری در صندوق طلای لوتوس,50
صندوق etf بورس,50
صندوق سرمایه گذاری بورس بانک شهر,50
صندوق سرمایه گذاری پالایشی,50
صندوق های سبدگردان چیست,50
کدام صندوق سرمایه گذاری در بورس بهتر است,50
خرید و فروش etf,50
مقایسه صندوقهای سرمایه گذاری در سهام,50
چگونه وارد صندوق سرمایه گذاری شویم,50
nav صندوق سرمایه گذاری,50
اطلس صندوق سرمایه گذاری,50
صندوق سرمايه گذاري مشترك كاريزما,50
صندوق سرمایه گذاری اوای معیار,50
صندوق سرمایه گذاری با درآمد ثابت امین ملت,50
صندوق سرمایه گذاری دارای یکم,50
صندوق سرمایهگذاری در سهام,50
ورود به صندوق سرمایه گذاری مفید,50
پر ریسک ترین صندوق سرمایه گذاری,50
ثبت نام در صندوق سرمایه گذاری آگاه,50
ثبت نام صندوق سرمایه گذاری مفید,50
خرید و فروش صندوق سرمایه گذاری,50
صندوق سرمایه گذاری نهال ایرانیان,50
صندوق سرمایه گذاری کارآمد,50
صندوقهای سرمایه گذاری با پشتوانه طلا,50
بهترین صندوق سرمایه گذاری مشترک بورس,50
تعریف صندوق سرمایه گذاری با درآمد ثابت,50
خرید صندوق بورسی,50
سبد سهام صندوق های سرمایه گذاری,50
صندوق سرمایه گذاری بانک ملت چیست,50
صندوق سرمایه گذاری زمین و مسکن,50
مقایسه صندوقهای سرمایه گذاری مشترک,50
نحوه فروش سهام etf بدون کد بورسی,50
صندوق سرمایه گذاری اطلس چیست,50
صندوق سرمایه گذاری سبدگردان,50
صندوق سرمایه گذاری مدیریت ثروت,50
قیمت صدور و ابطال صندوق های سرمایه گذاری,50
مطمئن ترین صندوق سرمایه گذاری بورس,50
معرفی صندوق های سرمایه گذاری بورس,50
نحوه سرمایه گذاری در صندوق آگاه,50
انواع صندوق های سرمایه گذاری طلا,50
راهنمای انتخاب بهترین صندوق سرمایه گذاری,50
صندوق سرمایه گذاری در اوراق بهادار با درآمد ثابت,50
نحوه خرید و فروش صندوق etf,50
بیشترین بازده صندوق سرمایه گذاری,50
خرید صندوقهای سرمایه گذاری,50
شرایط تاسیس صندوق سرمایه گذاری در بورس,50
صندوق سرمایه گذاری ونچر,50
انواع صندوق سرمایه گذاری پارسیان,50
صندوق سرمایه گذاری بیدار,50
صندوق سرمایه گذاری سجام,50
مقایسه صندوقهای سرمایه گذاری بورس در سهام,50
پربازده ترین صندوق های سرمایه گذاری بورس,50
پنج صندوق سرمایه گذاری برتر,50
صندوق آتیه ملت,50
صندوق آرمان آتی کوثر,50
صندوق آرمان سپهر آشنا,50
صندوق آرمان کارآفرین,50
صندوق آوای فردای زاگرس,50
آسمان آرمانی سهام,50
صندوق آوای معیار,50
صندوق اتحاد آرمان اقتصاد,50
صندوق ارزش آفرین بیدار,50
صندوق ارزش آفرین گلرنگ,50
صندوق ارزش کاوان ایرانیان,50
صندوق ارمغان ایرانیان,50
صندوق ارمغان فیروزه آسیا,50
صندوق ارمغان یکم ملل,50
afdayfund ir مراحل سرمایه گذاری,50
صندوق اعتبار آفرین ایرانیان,50
صندوق اعتبار سهام ایرانیان,50
صندوق اعتماد آفرین پارسیان,50
صندوق اعتماد کارگزاری بانک ملی ایران,50
صندوق اعتماد هامرز,50
صندوق افرا نماد پایدار,50
صندوق افق ملت,50
صندوق الماس کوروش,50
صندوق امین آشنا ایرانیان,50
صندوق امین انصار,50
صندوق امین سامان,50
صندوق امین ملت,50
صندوق امین یکم فردا,50
صندوق اندوخته آمیتیس,50
صندوق امین یکم,50
صندوق سرمایه گذاری اندوخته پایدار سپهر,50
ورود سرمایه گذاران صندوق اندوخته پایدار سپهر,50
اندوخته پایدار سپهر ورود سرمایه گذار,50
ثبت نام در صندوق اندوخته پایدار سپهر,50
آیا صندوق امین آشنا ایرانیان معتبر است,50
صندوق سرمایه گذاری امین آشنای ایرانیان بانک حکمت,50
صندوق اندوخته پایدار سپهر ورود سرمایه گذار,50
صندوق سرمایه گذاری اندوخته پایدار سپهر بانک صادرات,50
صندوق سرمایه گذاری اندوخته پایدار سپهر صادرات,50
صندوق سرمایه گذاری اندوخته سپهر,50
سرمایه گذاری اندوخته پایدار سپهر,50
سایت صندوق سرمایه گذاری امین آشنا ایرانیان,50
سرمایه گذاری امین آشنا ایرانیان,50
ثبت نام صندوق سرمایه گذاری اندوخته پایدار سپهر,50
صندوق اندوخته توسعه صادرات آرمانی,50
صندوق اندوخته ملت,50
صندوق اندیشه خبرگان سهام,50
صندوق اوج دماوند,50
صندوق بانک ایران زمین,50
صندوق بانک توسعه تعاون,50
صندوق سرمایه گذاری صبا بانک توسعه تعاون,50
ورود به صندوق سرمایه گذاری بانک ایران زمین,50
ورود صندوق سرمایه گذاری بانک ایران زمین,50
صندوق بانک دی,50
صندوق پاداش سرمایه بهگزین,50
صندوق پاداش سرمایه پارس,50
صندوق پارند پایدار سپهر,50
ارزش سهام پالایشی یکم,50
پاداش سرمایه بهگزین,50
قیمت سهام پالایشی یکم,50
تحلیل پالایشی یکم,50
سهام صندوق پالایشی یکم,50
صندوق پالایشی یکم سهام,50
ارزش سهام پالایش یکم,50
ورود به صندوق سرمایه گذاری بانک دی,50
صندوق پالایشی,50
قیمت سهام صندوق پالایشی یکم,50
وضعیت صندوق پالایشی یکم,50
سایت صندوق پالایشی یکم,50
ارزش صندوق پالایشی یکم,50
ورود به صندوق سرمایه گذاری بانک گردشگری,50
قیمت صندوق پالایشی یکم,50
فروش سهام پالایش یکم,50
ارزش صندوق پالایش یکم,50
قیمت صندوق پالایش یکم,50
فروش پالایشی یکم,50
سهام های پالایش یکم,50
سهام صندوق پالایش یکم,50
خرید پالایش یکم,50
صندوق سرمایه گذاری پاداش سرمایه پارس,50
صندوق پالايشي يكم,50
معامله پالایش یکم,50
فروش سهام پالایشی یکم,50
فروش صندوق پالایشی یکم,50
سایت صندوق سرمایه گذاری بانک گردشگری,50
سهام پالایش دارا دوم,50
خرید سهام پالایشی یکم,50
خرید سهام پالایش یکم,50
شرکت سرمایه گذاری پارند,50
خرید سهام پالایشی,50
صندوق سرمايه گذاري گردشگري,50
صندوق پشتوانه طلای لوتوس,50
صندوق پیشگامان سرمایه نوآفرین,50
صندوق تجارت شاخصی کاردان,50
صندوق تجربه ایرانیان,50
صندوق توسعه اندوخته آینده,50
صندوق توسعه تعاون صبا,50
صندوق توسعه سرمایه نیکی,50
صندوق توسعه صادرات,50
صندوق تجربه ايرانيان,50
بازدهی صندوق طلای لوتوس,50
صندوق تجربه ی ایرانیان,50
صندوق تجربه ایرانیان آینده,50
سایت صندوق تجربه ایرانیان,50
صندوق تجربه ایرانیان چیست,50
ثبت نام صندوق تجربه ایرانیان,50
صندوق توسعه ممتاز,50
صندوق ثابت حامی,50
صندوق ثابت نامی مفید,50
صندوق ثبات ویستا,50
صندوق ثروت آفرین پارسیان,50
صندوق ثروت آفرین تمدن,50
صندوق ثروت داریوش,50
صندوق توسعه ممتاز مفید,50
صندوق ثروت ستارگان,50
صندوق جسورانه پارتیان,50
صندوق جسورانه پیشرفت,50
صندوق جسورانه رویش لوتوس,50
